no2,,,
2022,,,
annual mean,,,
ug m-3,,,
,,,
gridcode,x,y,no22022
764351,510500,192500,14.75012
764352,511500,192500,14.81867
764353,512500,192500,14.50697
764354,513500,192500,14.21283
764355,514500,192500,14.3428
764356,515500,192500,14.66257
764357,516500,192500,15.90065
764358,517500,192500,16.67727
764359,518500,192500,16.99998
764360,519500,192500,17.79064
764361,520500,192500,19.29326
764362,521500,192500,19.24629
764363,522500,192500,16.87613
764364,523500,192500,16.19764
764365,524500,192500,16.34378
764366,525500,192500,17.30682
764367,526500,192500,18.54935
764368,527500,192500,18.31857
764369,528500,192500,19.48083
764370,529500,192500,19.74089
764371,530500,192500,20.24673
764372,531500,192500,20.69997
764373,532500,192500,22.84709
764374,533500,192500,22.57786
764375,534500,192500,22.62254
764376,535500,192500,24.28579
764377,536500,192500,22.2059
764378,537500,192500,19.88396
764379,538500,192500,18.66572
764380,539500,192500,18.10122
764381,540500,192500,18.29181
764382,541500,192500,18.08845
764383,542500,192500,18.92028
764384,543500,192500,16.94031
764385,544500,192500,16.88582
764386,545500,192500,15.80702
764387,546500,192500,15.40246
764388,547500,192500,15.55435
764389,548500,192500,13.68271
764390,549500,192500,13.56499
764391,550500,192500,13.50244
764392,551500,192500,13.1908
764393,552500,192500,13.06384
765041,510500,191500,14.61316
765042,511500,191500,14.18588
765043,512500,191500,15.32905
765044,513500,191500,15.8017
765045,514500,191500,15.65643
765046,515500,191500,16.56483
765047,516500,191500,16.20913
765048,517500,191500,17.24072
765049,518500,191500,17.16294
765050,519500,191500,18.6401
765051,520500,191500,18.06432
765052,521500,191500,20.07717
765053,522500,191500,17.88658
765054,523500,191500,17.70682
765055,524500,191500,17.79149
765056,525500,191500,18.69468
765057,526500,191500,19.42417
765058,527500,191500,20.00146
765059,528500,191500,20.16205
765060,529500,191500,19.91324
765061,530500,191500,20.16941
765062,531500,191500,19.58398
765063,532500,191500,20.46718
765064,533500,191500,20.80654
765065,534500,191500,20.84597
765066,535500,191500,21.52287
765067,536500,191500,21.37492
765068,537500,191500,21.07415
765069,538500,191500,20.22286
765070,539500,191500,19.49544
765071,540500,191500,19.64088
765072,541500,191500,20.50167
765073,542500,191500,19.20327
765074,543500,191500,17.31549
765075,544500,191500,17.44194
765076,545500,191500,16.02457
765077,546500,191500,15.06559
765078,547500,191500,14.63733
765079,548500,191500,14.6183
765080,549500,191500,14.94168
765081,550500,191500,15.04111
765082,551500,191500,14.31489
765083,552500,191500,14.07957
765731,510500,190500,15.72702
765732,511500,190500,15.4922
765733,512500,190500,15.54231
765734,513500,190500,15.55716
765735,514500,190500,16.61113
765736,515500,190500,17.78974
765737,516500,190500,17.33227
765738,517500,190500,17.58741
765739,518500,190500,18.16928
765740,519500,190500,18.52188
765741,520500,190500,18.70322
765742,521500,190500,18.81984
765743,522500,190500,21.11417
765744,523500,190500,19.11567
765745,524500,190500,19.38626
765746,525500,190500,20.10623
765747,526500,190500,20.6467
765748,527500,190500,18.70502
765749,528500,190500,19.23897
765750,529500,190500,19.62449
765751,530500,190500,21.55071
765752,531500,190500,21.4875
765753,532500,190500,21.43746
765754,533500,190500,21.66267
765755,534500,190500,20.69876
765756,535500,190500,20.44641
765757,536500,190500,20.30685
765758,537500,190500,21.58962
765759,538500,190500,22.12097
765760,539500,190500,22.70953
765761,540500,190500,22.84106
765762,541500,190500,22.80699
765763,542500,190500,18.66236
765764,543500,190500,17.87046
765765,544500,190500,17.61386
765766,545500,190500,15.96983
765767,546500,190500,15.38743
765768,547500,190500,14.96495
765769,548500,190500,15.21382
765770,549500,190500,15.35458
765771,550500,190500,16.08803
765772,551500,190500,16.07413
765773,552500,190500,15.61526
766421,510500,189500,15.38777
766422,511500,189500,15.71197
766423,512500,189500,15.91851
766424,513500,189500,16.26387
766425,514500,189500,16.8731
766426,515500,189500,18.98579
766427,516500,189500,17.95391
766428,517500,189500,17.86654
766429,518500,189500,18.73533
766430,519500,189500,18.70499
766431,520500,189500,20.31453
766432,521500,189500,19.75727
766433,522500,189500,21.88708
766434,523500,189500,21.34271
766435,524500,189500,22.70552
766436,525500,189500,21.23769
766437,526500,189500,19.95078
766438,527500,189500,20.11633
766439,528500,189500,20.29066
766440,529500,189500,20.1536
766441,530500,189500,21.19519
766442,531500,189500,22.15645
766443,532500,189500,22.10861
766444,533500,189500,22.55792
766445,534500,189500,22.0145
766446,535500,189500,21.14781
766447,536500,189500,21.19615
766448,537500,189500,21.43449
766449,538500,189500,20.73204
766450,539500,189500,20.00079
766451,540500,189500,20.72838
766452,541500,189500,22.18858
766453,542500,189500,19.71192
766454,543500,189500,18.77946
766455,544500,189500,18.23667
766456,545500,189500,16.85042
766457,546500,189500,17.0194
766458,547500,189500,16.86627
766459,548500,189500,16.80933
766460,549500,189500,16.70848
766461,550500,189500,17.49956
766462,551500,189500,17.01835
766463,552500,189500,16.60036
767111,510500,188500,16.14834
767112,511500,188500,15.97475
767113,512500,188500,16.26029
767114,513500,188500,17.02198
767115,514500,188500,17.43398
767116,515500,188500,19.86833
767117,516500,188500,18.78425
767118,517500,188500,18.45438
767119,518500,188500,18.67878
767120,519500,188500,19.05094
767121,520500,188500,19.41633
767122,521500,188500,20.42412
767123,522500,188500,22.82664
767124,523500,188500,22.57943
767125,524500,188500,22.08526
767126,525500,188500,20.21025
767127,526500,188500,19.89359
767128,527500,188500,19.87495
767129,528500,188500,20.09433
767130,529500,188500,20.95675
767131,530500,188500,22.09477
767132,531500,188500,22.63199
767133,532500,188500,22.34266
767134,533500,188500,22.80082
767135,534500,188500,20.99057
767136,535500,188500,20.29317
767137,536500,188500,21.2471
767138,537500,188500,21.74748
767139,538500,188500,21.6148
767140,539500,188500,20.5692
767141,540500,188500,22.19987
767142,541500,188500,23.72501
767143,542500,188500,20.54679
767144,543500,188500,20.44333
767145,544500,188500,19.6799
767146,545500,188500,18.75223
767147,546500,188500,17.94868
767148,547500,188500,17.41175
767149,548500,188500,17.63366
767150,549500,188500,16.54066
767151,550500,188500,17.56437
767152,551500,188500,19.0324
767153,552500,188500,16.71498
767801,510500,187500,16.63428
767802,511500,187500,16.61517
767803,512500,187500,16.80879
767804,513500,187500,17.16477
767805,514500,187500,17.59118
767806,515500,187500,17.83133
767807,516500,187500,19.62174
767808,517500,187500,18.55501
767809,518500,187500,18.69063
767810,519500,187500,18.72515
767811,520500,187500,19.90407
767812,521500,187500,19.99185
767813,522500,187500,24.87697
767814,523500,187500,24.71514
767815,524500,187500,21.84412
767816,525500,187500,21.97016
767817,526500,187500,19.59064
767818,527500,187500,19.63552
767819,528500,187500,21.41531
767820,529500,187500,22.67666
767821,530500,187500,22.74957
767822,531500,187500,22.8807
767823,532500,187500,23.62363
767824,533500,187500,23.59868
767825,534500,187500,22.43786
767826,535500,187500,21.90561
767827,536500,187500,22.09407
767828,537500,187500,21.79602
767829,538500,187500,21.81886
767830,539500,187500,22.88902
767831,540500,187500,20.72443
767832,541500,187500,19.76495
767833,542500,187500,21.92196
767834,543500,187500,20.00765
767835,544500,187500,19.52612
767836,545500,187500,19.2735
767837,546500,187500,19.1359
767838,547500,187500,18.41194
767839,548500,187500,18.42827
767840,549500,187500,16.93204
767841,550500,187500,17.80578
767842,551500,187500,18.17216
767843,552500,187500,17.10784
768491,510500,186500,17.20474
768492,511500,186500,17.03414
768493,512500,186500,17.30287
768494,513500,186500,17.85248
768495,514500,186500,18.40205
768496,515500,186500,18.08867
768497,516500,186500,18.91265
768498,517500,186500,19.78217
768499,518500,186500,19.56798
768500,519500,186500,20.73224
768501,520500,186500,21.40196
768502,521500,186500,23.76518
768503,522500,186500,21.83425
768504,523500,186500,22.03789
768505,524500,186500,22.11829
768506,525500,186500,21.26491
768507,526500,186500,21.02002
768508,527500,186500,20.85915
768509,528500,186500,22.42022
768510,529500,186500,24.16208
768511,530500,186500,24.72027
768512,531500,186500,24.77943
768513,532500,186500,23.73723
768514,533500,186500,24.03704
768515,534500,186500,23.71587
768516,535500,186500,22.78013
768517,536500,186500,21.07556
768518,537500,186500,21.73995
768519,538500,186500,23.09375
768520,539500,186500,21.63685
768521,540500,186500,20.33587
768522,541500,186500,20.24271
768523,542500,186500,21.27059
768524,543500,186500,23.91486
768525,544500,186500,21.08716
768526,545500,186500,19.47915
768527,546500,186500,18.6428
768528,547500,186500,18.64588
768529,548500,186500,18.41922
768530,549500,186500,17.95658
768531,550500,186500,16.87012
768532,551500,186500,17.01085
768533,552500,186500,16.57195
769181,510500,185500,17.40967
769182,511500,185500,17.72546
769183,512500,185500,17.78404
769184,513500,185500,18.35358
769185,514500,185500,18.35736
769186,515500,185500,18.89954
769187,516500,185500,19.28818
769188,517500,185500,19.5708
769189,518500,185500,21.32698
769190,519500,185500,22.16525
769191,520500,185500,23.94922
769192,521500,185500,25.05935
769193,522500,185500,21.77795
769194,523500,185500,22.59999
769195,524500,185500,22.6016
769196,525500,185500,23.59507
769197,526500,185500,23.84488
769198,527500,185500,24.90885
769199,528500,185500,25.22388
769200,529500,185500,25.01453
769201,530500,185500,26.01437
769202,531500,185500,25.37939
769203,532500,185500,24.87516
769204,533500,185500,24.77192
769205,534500,185500,24.56233
769206,535500,185500,24.36183
769207,536500,185500,22.89285
769208,537500,185500,23.2527
769209,538500,185500,22.589
769210,539500,185500,22.03969
769211,540500,185500,21.98248
769212,541500,185500,21.49894
769213,542500,185500,21.87932
769214,543500,185500,22.85977
769215,544500,185500,20.54915
769216,545500,185500,19.80844
769217,546500,185500,19.2185
769218,547500,185500,18.94956
769219,548500,185500,18.29649
769220,549500,185500,18.16164
769221,550500,185500,17.79719
769222,551500,185500,18.01484
769223,552500,185500,17.17965
769871,510500,184500,17.97117
769872,511500,184500,18.4806
769873,512500,184500,18.53906
769874,513500,184500,18.64966
769875,514500,184500,20.0059
769876,515500,184500,19.14283
769877,516500,184500,19.02634
769878,517500,184500,20.22525
769879,518500,184500,21.49043
769880,519500,184500,23.54006
769881,520500,184500,25.14254
769882,521500,184500,22.95877
769883,522500,184500,22.53311
769884,523500,184500,22.35325
769885,524500,184500,23.32049
769886,525500,184500,24.17054
769887,526500,184500,26.22513
769888,527500,184500,24.88597
769889,528500,184500,25.75023
769890,529500,184500,27.21908
769891,530500,184500,27.36002
769892,531500,184500,26.91126
769893,532500,184500,26.30998
769894,533500,184500,26.12598
769895,534500,184500,25.81928
769896,535500,184500,25.27884
769897,536500,184500,25.0101
769898,537500,184500,24.1291
769899,538500,184500,24.82749
769900,539500,184500,23.15183
769901,540500,184500,23.31041
769902,541500,184500,22.10576
769903,542500,184500,22.13717
769904,543500,184500,23.02317
769905,544500,184500,21.95758
769906,545500,184500,20.61959
769907,546500,184500,19.59514
769908,547500,184500,19.10815
769909,548500,184500,18.66733
769910,549500,184500,19.00959
769911,550500,184500,18.7341
769912,551500,184500,17.85798
769913,552500,184500,17.40644
770561,510500,183500,16.97733
770562,511500,183500,18.50912
770563,512500,183500,19.85579
770564,513500,183500,21.04558
770565,514500,183500,21.68311
770566,515500,183500,20.54498
770567,516500,183500,20.43476
770568,517500,183500,21.07019
770569,518500,183500,23.13766
770570,519500,183500,25.23503
770571,520500,183500,24.24449
770572,521500,183500,23.59244
770573,522500,183500,22.29217
770574,523500,183500,22.48506
770575,524500,183500,23.37821
770576,525500,183500,24.80077
770577,526500,183500,25.40672
770578,527500,183500,25.43553
770579,528500,183500,26.80031
770580,529500,183500,29.58703
770581,530500,183500,31.34981
770582,531500,183500,29.22915
770583,532500,183500,28.27648
770584,533500,183500,27.47329
770585,534500,183500,26.85704
770586,535500,183500,25.25685
770587,536500,183500,24.36242
770588,537500,183500,25.82451
770589,538500,183500,23.41531
770590,539500,183500,22.8146
770591,540500,183500,22.52722
770592,541500,183500,22.70984
770593,542500,183500,22.55841
770594,543500,183500,23.52265
770595,544500,183500,23.40998
770596,545500,183500,23.66559
770597,546500,183500,21.91283
770598,547500,183500,21.29301
770599,548500,183500,20.95413
770600,549500,183500,22.39877
770601,550500,183500,19.15861
770602,551500,183500,19.08008
770603,552500,183500,17.88353
771251,510500,182500,17.97992
771252,511500,182500,19.37283
771253,512500,182500,18.98812
771254,513500,182500,19.4219
771255,514500,182500,19.81781
771256,515500,182500,20.068
771257,516500,182500,21.55891
771258,517500,182500,22.39747
771259,518500,182500,24.1489
771260,519500,182500,24.14854
771261,520500,182500,24.50368
771262,521500,182500,23.00702
771263,522500,182500,23.26797
771264,523500,182500,23.51403
771265,524500,182500,24.78951
771266,525500,182500,24.81387
771267,526500,182500,26.61475
771268,527500,182500,26.56811
771269,528500,182500,28.11148
771270,529500,182500,32.83038
771271,530500,182500,32.46218
771272,531500,182500,31.42068
771273,532500,182500,31.91074
771274,533500,182500,30.86884
771275,534500,182500,28.35693
771276,535500,182500,26.66456
771277,536500,182500,25.38173
771278,537500,182500,25.78219
771279,538500,182500,25.19671
771280,539500,182500,23.04159
771281,540500,182500,22.99405
771282,541500,182500,22.95247
771283,542500,182500,23.51275
771284,543500,182500,24.12456
771285,544500,182500,24.54681
771286,545500,182500,21.00598
771287,546500,182500,20.54127
771288,547500,182500,19.00197
771289,548500,182500,20.62222
771290,549500,182500,22.26901
771291,550500,182500,22.28445
771292,551500,182500,22.78781
771293,552500,182500,19.15478
771941,510500,181500,19.73786
771942,511500,181500,20.03101
771943,512500,181500,19.34272
771944,513500,181500,19.56857
771945,514500,181500,19.67197
771946,515500,181500,19.82877
771947,516500,181500,20.42891
771948,517500,181500,20.92258
771949,518500,181500,21.54763
771950,519500,181500,21.89318
771951,520500,181500,24.06976
771952,521500,181500,22.18604
771953,522500,181500,23.2373
771954,523500,181500,26.23619
771955,524500,181500,26.23931
771956,525500,181500,26.97036
771957,526500,181500,29.6054
771958,527500,181500,30.13237
771959,528500,181500,32.5679
771960,529500,181500,34.25433
771961,530500,181500,35.07291
771962,531500,181500,35.12715
771963,532500,181500,33.94859
771964,533500,181500,34.2528
771965,534500,181500,30.863
771966,535500,181500,26.61457
771967,536500,181500,25.96015
771968,537500,181500,25.66904
771969,538500,181500,27.37865
771970,539500,181500,26.81581
771971,540500,181500,23.90538
771972,541500,181500,23.2222
771973,542500,181500,21.9037
771974,543500,181500,22.04968
771975,544500,181500,21.12853
771976,545500,181500,20.49895
771977,546500,181500,19.61666
771978,547500,181500,19.08338
771979,548500,181500,21.55353
771980,549500,181500,27.20467
771981,550500,181500,21.78047
771982,551500,181500,22.47831
771983,552500,181500,19.5359
772631,510500,180500,20.69748
772632,511500,180500,20.52597
772633,512500,180500,20.9705
772634,513500,180500,20.30196
772635,514500,180500,20.41217
772636,515500,180500,20.38485
772637,516500,180500,21.06393
772638,517500,180500,22.11649
772639,518500,180500,21.93534
772640,519500,180500,21.69138
772641,520500,180500,22.28493
772642,521500,180500,22.85054
772643,522500,180500,23.57075
772644,523500,180500,27.24711
772645,524500,180500,25.46848
772646,525500,180500,26.78433
772647,526500,180500,25.90117
772648,527500,180500,26.4163
772649,528500,180500,31.58072
772650,529500,180500,34.22378
772651,530500,180500,35.31015
772652,531500,180500,33.20526
772653,532500,180500,32.64117
772654,533500,180500,32.256
772655,534500,180500,28.42598
772656,535500,180500,26.23345
772657,536500,180500,25.94764
772658,537500,180500,28.1121
772659,538500,180500,29.96343
772660,539500,180500,25.3732
772661,540500,180500,24.09285
772662,541500,180500,23.50467
772663,542500,180500,24.70671
772664,543500,180500,24.0588
772665,544500,180500,21.63598
772666,545500,180500,19.64076
772667,546500,180500,19.58401
772668,547500,180500,19.35669
772669,548500,180500,20.9559
772670,549500,180500,19.71294
772671,550500,180500,21.34469
772672,551500,180500,19.65785
772673,552500,180500,17.48531
773321,510500,179500,22.89499
773322,511500,179500,20.52773
773323,512500,179500,20.94448
773324,513500,179500,20.477
773325,514500,179500,20.59531
773326,515500,179500,19.81973
773327,516500,179500,20.58548
773328,517500,179500,21.0294
773329,518500,179500,21.09904
773330,519500,179500,22.52733
773331,520500,179500,21.85379
773332,521500,179500,22.25953
773333,522500,179500,23.29612
773334,523500,179500,25.44027
773335,524500,179500,26.14944
773336,525500,179500,27.10221
773337,526500,179500,26.79054
773338,527500,179500,29.723
773339,528500,179500,31.89837
773340,529500,179500,31.66066
773341,530500,179500,30.8991
773342,531500,179500,31.11717
773343,532500,179500,29.91084
773344,533500,179500,28.75413
773345,534500,179500,29.11192
773346,535500,179500,25.47573
773347,536500,179500,24.44081
773348,537500,179500,26.47888
773349,538500,179500,29.30436
773350,539500,179500,25.77531
773351,540500,179500,24.24316
773352,541500,179500,22.04669
773353,542500,179500,25.46908
773354,543500,179500,29.91822
773355,544500,179500,23.47881
773356,545500,179500,20.69915
773357,546500,179500,19.60109
773358,547500,179500,19.23909
773359,548500,179500,18.85436
773360,549500,179500,21.33893
773361,550500,179500,21.84776
773362,551500,179500,19.16811
773363,552500,179500,18.34642
774011,510500,178500,24.62965
774012,511500,178500,20.7421
774013,512500,178500,20.31783
774014,513500,178500,20.80014
774015,514500,178500,20.10307
774016,515500,178500,20.25548
774017,516500,178500,21.46928
774018,517500,178500,23.24255
774019,518500,178500,22.75759
774020,519500,178500,23.6078
774021,520500,178500,22.09663
774022,521500,178500,23.13037
774023,522500,178500,23.90506
774024,523500,178500,27.3819
774025,524500,178500,26.28695
774026,525500,178500,27.70339
774027,526500,178500,29.06601
774028,527500,178500,29.38626
774029,528500,178500,28.30789
774030,529500,178500,29.37527
774031,530500,178500,28.96225
774032,531500,178500,27.3812
774033,532500,178500,26.79196
774034,533500,178500,26.20052
774035,534500,178500,24.98252
774036,535500,178500,24.32855
774037,536500,178500,23.99068
774038,537500,178500,23.28357
774039,538500,178500,23.12789
774040,539500,178500,24.88345
774041,540500,178500,24.13196
774042,541500,178500,22.29939
774043,542500,178500,21.50293
774044,543500,178500,22.54465
774045,544500,178500,21.3907
774046,545500,178500,19.77146
774047,546500,178500,19.1286
774048,547500,178500,18.45074
774049,548500,178500,17.77394
774050,549500,178500,18.17642
774051,550500,178500,18.55764
774052,551500,178500,19.29072
774053,552500,178500,17.74255
774701,510500,177500,22.53119
774702,511500,177500,21.84378
774703,512500,177500,21.42669
774704,513500,177500,19.72996
774705,514500,177500,18.98689
774706,515500,177500,19.70926
774707,516500,177500,21.46587
774708,517500,177500,22.13887
774709,518500,177500,20.42143
774710,519500,177500,20.82403
774711,520500,177500,21.60705
774712,521500,177500,21.71625
774713,522500,177500,21.28829
774714,523500,177500,23.53769
774715,524500,177500,23.79882
774716,525500,177500,25.91822
774717,526500,177500,29.49586
774718,527500,177500,25.96003
774719,528500,177500,26.22112
774720,529500,177500,28.27403
774721,530500,177500,27.51139
774722,531500,177500,25.61537
774723,532500,177500,25.24051
774724,533500,177500,23.9016
774725,534500,177500,24.49806
774726,535500,177500,24.06353
774727,536500,177500,23.30561
774728,537500,177500,23.38226
774729,538500,177500,22.28348
774730,539500,177500,21.31933
774731,540500,177500,22.93963
774732,541500,177500,20.98851
774733,542500,177500,20.20418
774734,543500,177500,20.45445
774735,544500,177500,19.34027
774736,545500,177500,18.5693
774737,546500,177500,17.98974
774738,547500,177500,17.8376
774739,548500,177500,17.5124
774740,549500,177500,17.35268
774741,550500,177500,17.75233
774742,551500,177500,18.16691
774743,552500,177500,17.14948
775391,510500,176500,23.61146
775392,511500,176500,21.12857
775393,512500,176500,20.65495
775394,513500,176500,20.21242
775395,514500,176500,19.70915
775396,515500,176500,20.05584
775397,516500,176500,20.54183
775398,517500,176500,19.06149
775399,518500,176500,19.23097
775400,519500,176500,20.50714
775401,520500,176500,19.99381
775402,521500,176500,20.29124
775403,522500,176500,20.397
775404,523500,176500,20.62724
775405,524500,176500,23.10987
775406,525500,176500,23.9967
775407,526500,176500,24.20751
775408,527500,176500,25.05582
775409,528500,176500,25.47735
775410,529500,176500,24.47429
775411,530500,176500,24.68587
775412,531500,176500,24.02103
775413,532500,176500,26.14287
775414,533500,176500,23.65219
775415,534500,176500,24.15292
775416,535500,176500,23.1558
775417,536500,176500,22.71655
775418,537500,176500,22.94086
775419,538500,176500,21.82889
775420,539500,176500,21.3056
775421,540500,176500,21.76515
775422,541500,176500,20.4707
775423,542500,176500,19.84211
775424,543500,176500,19.07202
775425,544500,176500,18.13185
775426,545500,176500,18.02628
775427,546500,176500,17.81358
775428,547500,176500,17.49553
775429,548500,176500,17.40471
775430,549500,176500,17.33224
775431,550500,176500,17.13176
775432,551500,176500,17.80388
775433,552500,176500,16.74892
776081,510500,175500,22.57198
776082,511500,175500,19.91699
776083,512500,175500,20.22257
776084,513500,175500,20.41987
776085,514500,175500,20.07572
776086,515500,175500,20.89862
776087,516500,175500,19.77011
776088,517500,175500,19.00366
776089,518500,175500,20.47771
776090,519500,175500,20.56003
776091,520500,175500,20.62222
776092,521500,175500,20.06212
776093,522500,175500,20.39733
776094,523500,175500,21.33405
776095,524500,175500,21.872
776096,525500,175500,23.47899
776097,526500,175500,24.24839
776098,527500,175500,24.88578
776099,528500,175500,23.88445
776100,529500,175500,24.34101
776101,530500,175500,23.98346
776102,531500,175500,23.94753
776103,532500,175500,22.6576
776104,533500,175500,22.69116
776105,534500,175500,23.21833
776106,535500,175500,21.36154
776107,536500,175500,21.52414
776108,537500,175500,21.4505
776109,538500,175500,22.5929
776110,539500,175500,20.78051
776111,540500,175500,19.74754
776112,541500,175500,20.95189
776113,542500,175500,20.00256
776114,543500,175500,19.36271
776115,544500,175500,18.8847
776116,545500,175500,18.28534
776117,546500,175500,17.97296
776118,547500,175500,17.71241
776119,548500,175500,18.25178
776120,549500,175500,18.07015
776121,550500,175500,16.58603
776122,551500,175500,16.79226
776123,552500,175500,17.80978
776771,510500,174500,21.9832
776772,511500,174500,19.23764
776773,512500,174500,18.3474
776774,513500,174500,19.11678
776775,514500,174500,19.07771
776776,515500,174500,19.55466
776777,516500,174500,20.01816
776778,517500,174500,19.92853
776779,518500,174500,19.46047
776780,519500,174500,18.15599
776781,520500,174500,18.12503
776782,521500,174500,18.41894
776783,522500,174500,19.89767
776784,523500,174500,20.57048
776785,524500,174500,21.65808
776786,525500,174500,23.18959
776787,526500,174500,22.80577
776788,527500,174500,22.14126
776789,528500,174500,22.69632
776790,529500,174500,22.84534
776791,530500,174500,23.11724
776792,531500,174500,22.48965
776793,532500,174500,22.04859
776794,533500,174500,21.94777
776795,534500,174500,21.20449
776796,535500,174500,20.51303
776797,536500,174500,20.74591
776798,537500,174500,21.39893
776799,538500,174500,20.53173
776800,539500,174500,20.49797
776801,540500,174500,20.00808
776802,541500,174500,19.80794
776803,542500,174500,20.18057
776804,543500,174500,18.30658
776805,544500,174500,17.61872
776806,545500,174500,18.40161
776807,546500,174500,18.66291
776808,547500,174500,18.7179
776809,548500,174500,18.2925
776810,549500,174500,18.61536
776811,550500,174500,16.84276
776812,551500,174500,17.57178
776813,552500,174500,17.28325
777461,510500,173500,20.00258
777462,511500,173500,18.92918
777463,512500,173500,18.58413
777464,513500,173500,18.40638
777465,514500,173500,19.31687
777466,515500,173500,19.24566
777467,516500,173500,19.29696
777468,517500,173500,17.84208
777469,518500,173500,17.86344
777470,519500,173500,17.06503
777471,520500,173500,17.16136
777472,521500,173500,17.64568
777473,522500,173500,19.56631
777474,523500,173500,20.36185
777475,524500,173500,20.00403
777476,525500,173500,21.79342
777477,526500,173500,21.17511
777478,527500,173500,21.6032
777479,528500,173500,22.18137
777480,529500,173500,22.07228
777481,530500,173500,22.73957
777482,531500,173500,22.10399
777483,532500,173500,21.08744
777484,533500,173500,20.63364
777485,534500,173500,20.67849
777486,535500,173500,20.59127
777487,536500,173500,20.68352
777488,537500,173500,21.45375
777489,538500,173500,19.99596
777490,539500,173500,19.46647
777491,540500,173500,19.26449
777492,541500,173500,18.44486
777493,542500,173500,18.11413
777494,543500,173500,17.32957
777495,544500,173500,17.31248
777496,545500,173500,17.08594
777497,546500,173500,16.62466
777498,547500,173500,16.92289
777499,548500,173500,16.33303
777500,549500,173500,16.49707
777501,550500,173500,17.34489
777502,551500,173500,18.63446
777503,552500,173500,16.78639
778151,510500,172500,19.31892
778152,511500,172500,18.58402
778153,512500,172500,19.79324
778154,513500,172500,18.88744
778155,514500,172500,18.47761
778156,515500,172500,18.48904
778157,516500,172500,17.75089
778158,517500,172500,17.7972
778159,518500,172500,17.11996
778160,519500,172500,16.75041
778161,520500,172500,17.01858
778162,521500,172500,18.41406
778163,522500,172500,18.30717
778164,523500,172500,18.77646
778165,524500,172500,18.78809
778166,525500,172500,20.55939
778167,526500,172500,20.9673
778168,527500,172500,21.86053
778169,528500,172500,21.42908
778170,529500,172500,20.58257
778171,530500,172500,22.13232
778172,531500,172500,21.72158
778173,532500,172500,21.08213
778174,533500,172500,19.7451
778175,534500,172500,19.65182
778176,535500,172500,20.45274
778177,536500,172500,20.47227
778178,537500,172500,19.79797
778179,538500,172500,18.99045
778180,539500,172500,18.54729
778181,540500,172500,18.45778
778182,541500,172500,17.46586
778183,542500,172500,17.61845
778184,543500,172500,17.74781
778185,544500,172500,17.43711
778186,545500,172500,16.67958
778187,546500,172500,16.93073
778188,547500,172500,16.15952
778189,548500,172500,15.56382
778190,549500,172500,15.08893
778191,550500,172500,15.17862
778192,551500,172500,16.59446
778193,552500,172500,17.03421
778841,510500,171500,17.75993
778842,511500,171500,20.01503
778843,512500,171500,18.47069
778844,513500,171500,17.9915
778845,514500,171500,18.14398
778846,515500,171500,18.65162
778847,516500,171500,18.3007
778848,517500,171500,18.38715
778849,518500,171500,17.74211
778850,519500,171500,17.02139
778851,520500,171500,17.72368
778852,521500,171500,18.0583
778853,522500,171500,17.32959
778854,523500,171500,18.31328
778855,524500,171500,18.97696
778856,525500,171500,19.96692
778857,526500,171500,21.83546
778858,527500,171500,21.71891
778859,528500,171500,20.48703
778860,529500,171500,20.96776
778861,530500,171500,21.46417
778862,531500,171500,21.09525
778863,532500,171500,20.42564
778864,533500,171500,20.29124
778865,534500,171500,19.86191
778866,535500,171500,20.03419
778867,536500,171500,20.21853
778868,537500,171500,19.14996
778869,538500,171500,19.08313
778870,539500,171500,18.02836
778871,540500,171500,17.79357
778872,541500,171500,16.85381
778873,542500,171500,16.84963
778874,543500,171500,17.01805
778875,544500,171500,16.12594
778876,545500,171500,16.77385
778877,546500,171500,17.63179
778878,547500,171500,15.71665
778879,548500,171500,15.3926
778880,549500,171500,14.33565
778881,550500,171500,14.40046
778882,551500,171500,14.49708
778883,552500,171500,14.53275
779531,510500,170500,19.01719
779532,511500,170500,17.11911
779533,512500,170500,17.08837
779534,513500,170500,17.41464
779535,514500,170500,17.4085
779536,515500,170500,18.08107
779537,516500,170500,17.72181
779538,517500,170500,18.62841
779539,518500,170500,18.98038
779540,519500,170500,18.36369
779541,520500,170500,17.77541
779542,521500,170500,18.27165
779543,522500,170500,17.62895
779544,523500,170500,18.76082
779545,524500,170500,20.41515
779546,525500,170500,20.49016
779547,526500,170500,21.00875
779548,527500,170500,20.55978
779549,528500,170500,20.41629
779550,529500,170500,20.43994
779551,530500,170500,20.67238
779552,531500,170500,19.99461
779553,532500,170500,19.92403
779554,533500,170500,20.17435
779555,534500,170500,19.5486
779556,535500,170500,19.37802
779557,536500,170500,18.24096
779558,537500,170500,18.25766
779559,538500,170500,17.29615
779560,539500,170500,17.81542
779561,540500,170500,17.6921
779562,541500,170500,16.3476
779563,542500,170500,16.27168
779564,543500,170500,16.3175
779565,544500,170500,16.63582
779566,545500,170500,15.97734
779567,546500,170500,16.76775
779568,547500,170500,18.29138
779569,548500,170500,15.40616
779570,549500,170500,14.2406
779571,550500,170500,13.96185
779572,551500,170500,14.35729
779573,552500,170500,14.39811
780221,510500,169500,17.4895
780222,511500,169500,16.87893
780223,512500,169500,16.94777
780224,513500,169500,17.56084
780225,514500,169500,17.64685
780226,515500,169500,16.72289
780227,516500,169500,16.88698
780228,517500,169500,20.35667
780229,518500,169500,20.69842
780230,519500,169500,20.0192
780231,520500,169500,18.44807
780232,521500,169500,18.7014
780233,522500,169500,18.94038
780234,523500,169500,19.39322
780235,524500,169500,19.18524
780236,525500,169500,19.80315
780237,526500,169500,22.84867
780238,527500,169500,20.59375
780239,528500,169500,19.67646
780240,529500,169500,20.16716
780241,530500,169500,20.82327
780242,531500,169500,19.75824
780243,532500,169500,19.86038
780244,533500,169500,19.66393
780245,534500,169500,19.07691
780246,535500,169500,19.27179
780247,536500,169500,18.6839
780248,537500,169500,18.64982
780249,538500,169500,17.61933
780250,539500,169500,17.46008
780251,540500,169500,18.26918
780252,541500,169500,17.18464
780253,542500,169500,16.26869
780254,543500,169500,16.048
780255,544500,169500,15.44609
780256,545500,169500,14.97077
780257,546500,169500,15.46315
780258,547500,169500,15.55275
780259,548500,169500,14.79421
780260,549500,169500,14.85206
780261,550500,169500,14.71016
780262,551500,169500,14.38485
780263,552500,169500,14.48466
