pm2.5,,,
2021,,,
annual mean,,,
ug m-3,,,
,,,
gridcode,x,y,pm252021g
764351,510500,192500,8.109718
764352,511500,192500,8.779035
764353,512500,192500,8.240331
764354,513500,192500,7.956422
764355,514500,192500,7.915971
764356,515500,192500,7.972923
764357,516500,192500,8.183518
764358,517500,192500,8.291998
764359,518500,192500,8.376967
764360,519500,192500,8.494508
764361,520500,192500,8.730421
764362,521500,192500,8.655942
764363,522500,192500,8.18463
764364,523500,192500,8.105996
764365,524500,192500,8.145196
764366,525500,192500,8.320535
764367,526500,192500,8.516878
764368,527500,192500,8.458535
764369,528500,192500,8.590732
764370,529500,192500,8.699618
764371,530500,192500,8.726104
764372,531500,192500,8.855634
764373,532500,192500,9.087635
764374,533500,192500,9.199755
764375,534500,192500,9.311393
764376,535500,192500,9.063921
764377,536500,192500,8.943949
764378,537500,192500,8.655517
764379,538500,192500,8.448084
764380,539500,192500,8.396435
764381,540500,192500,8.330246
764382,541500,192500,8.359843
764383,542500,192500,8.462518
764384,543500,192500,8.205083
764385,544500,192500,8.366183
764386,545500,192500,7.991058
764387,546500,192500,7.835491
764388,547500,192500,7.666025
764389,548500,192500,7.45239
764390,549500,192500,7.513523
764391,550500,192500,7.388048
764392,551500,192500,7.336561
764393,552500,192500,7.323168
765041,510500,191500,8.079614
765042,511500,191500,8.046781
765043,512500,191500,8.150988
765044,513500,191500,8.129076
765045,514500,191500,8.143422
765046,515500,191500,8.288863
765047,516500,191500,8.210369
765048,517500,191500,8.369872
765049,518500,191500,8.360692
765050,519500,191500,8.560287
765051,520500,191500,8.530649
765052,521500,191500,8.776252
765053,522500,191500,8.356208
765054,523500,191500,8.32771
765055,524500,191500,8.344346
765056,525500,191500,8.519548
765057,526500,191500,8.637461
765058,527500,191500,8.7606
765059,528500,191500,8.837154
765060,529500,191500,8.75174
765061,530500,191500,8.756033
765062,531500,191500,8.677747
765063,532500,191500,8.889933
765064,533500,191500,8.916426
765065,534500,191500,8.903114
765066,535500,191500,8.572487
765067,536500,191500,8.812361
765068,537500,191500,8.805791
765069,538500,191500,8.639318
765070,539500,191500,8.509176
765071,540500,191500,8.548191
765072,541500,191500,8.73758
765073,542500,191500,8.546616
765074,543500,191500,8.278081
765075,544500,191500,8.487103
765076,545500,191500,7.942675
765077,546500,191500,7.760253
765078,547500,191500,7.69515
765079,548500,191500,7.646696
765080,549500,191500,7.788999
765081,550500,191500,7.72796
765082,551500,191500,7.531103
765083,552500,191500,7.474669
765731,510500,190500,8.164195
765732,511500,190500,8.163433
765733,512500,190500,8.110733
765734,513500,190500,8.050977
765735,514500,190500,8.296787
765736,515500,190500,8.531643
765737,516500,190500,8.441245
765738,517500,190500,8.434712
765739,518500,190500,8.53024
765740,519500,190500,8.630447
765741,520500,190500,8.598521
765742,521500,190500,8.671494
765743,522500,190500,8.794806
765744,523500,190500,8.507407
765745,524500,190500,8.610246
765746,525500,190500,8.748109
765747,526500,190500,8.939603
765748,527500,190500,8.453474
765749,528500,190500,8.602774
765750,529500,190500,8.593946
765751,530500,190500,8.698315
765752,531500,190500,8.998547
765753,532500,190500,9.021911
765754,533500,190500,9.095493
765755,534500,190500,8.945953
765756,535500,190500,8.643769
765757,536500,190500,8.7356
765758,537500,190500,8.974281
765759,538500,190500,9.098524
765760,539500,190500,9.020906
765761,540500,190500,8.992723
765762,541500,190500,9.033577
765763,542500,190500,8.494457
765764,543500,190500,8.342038
765765,544500,190500,8.255638
765766,545500,190500,7.80567
765767,546500,190500,7.817996
765768,547500,190500,7.738699
765769,548500,190500,7.808982
765770,549500,190500,7.973928
765771,550500,190500,7.935442
765772,551500,190500,7.82839
765773,552500,190500,7.76985
766421,510500,189500,8.004543
766422,511500,189500,8.080585
766423,512500,189500,8.109324
766424,513500,189500,8.172143
766425,514500,189500,8.272811
766426,515500,189500,8.608629
766427,516500,189500,8.402181
766428,517500,189500,8.440063
766429,518500,189500,8.554442
766430,519500,189500,8.546434
766431,520500,189500,8.600497
766432,521500,189500,8.616096
766433,522500,189500,8.887615
766434,523500,189500,8.817904
766435,524500,189500,9.075737
766436,525500,189500,8.891012
766437,526500,189500,8.644606
766438,527500,189500,8.59798
766439,528500,189500,8.599178
766440,529500,189500,8.61643
766441,530500,189500,8.730187
766442,531500,189500,9.037492
766443,532500,189500,8.940478
766444,533500,189500,9.167819
766445,534500,189500,8.990767
766446,535500,189500,8.55975
766447,536500,189500,8.814081
766448,537500,189500,8.841712
766449,538500,189500,8.754103
766450,539500,189500,8.562084
766451,540500,189500,8.658486
766452,541500,189500,8.75733
766453,542500,189500,8.584931
766454,543500,189500,8.417172
766455,544500,189500,8.318438
766456,545500,189500,8.021055
766457,546500,189500,8.052613
766458,547500,189500,8.037371
766459,548500,189500,8.042649
766460,549500,189500,8.075323
766461,550500,189500,8.090446
766462,551500,189500,7.959698
766463,552500,189500,7.83066
767111,510500,188500,8.121612
767112,511500,188500,8.134882
767113,512500,188500,8.1983
767114,513500,188500,8.318455
767115,514500,188500,8.384013
767116,515500,188500,8.551417
767117,516500,188500,8.43328
767118,517500,188500,8.409023
767119,518500,188500,8.49795
767120,519500,188500,8.462199
767121,520500,188500,8.481049
767122,521500,188500,8.677192
767123,522500,188500,8.995932
767124,523500,188500,9.008354
767125,524500,188500,8.978313
767126,525500,188500,8.581804
767127,526500,188500,8.540017
767128,527500,188500,8.560442
767129,528500,188500,8.558963
767130,529500,188500,8.63693
767131,530500,188500,8.862533
767132,531500,188500,8.944867
767133,532500,188500,8.997762
767134,533500,188500,9.230037
767135,534500,188500,8.763944
767136,535500,188500,8.515988
767137,536500,188500,8.788235
767138,537500,188500,8.929949
767139,538500,188500,8.861566
767140,539500,188500,8.684104
767141,540500,188500,8.93776
767142,541500,188500,9.004126
767143,542500,188500,8.676235
767144,543500,188500,8.686346
767145,544500,188500,8.532765
767146,545500,188500,8.358884
767147,546500,188500,8.229177
767148,547500,188500,8.197257
767149,548500,188500,8.290316
767150,549500,188500,8.04767
767151,550500,188500,8.015553
767152,551500,188500,8.126223
767153,552500,188500,7.938335
767801,510500,187500,8.185218
767802,511500,187500,8.208685
767803,512500,187500,8.279392
767804,513500,187500,8.350145
767805,514500,187500,8.401772
767806,515500,187500,8.327938
767807,516500,187500,8.283801
767808,517500,187500,8.348102
767809,518500,187500,8.428542
767810,519500,187500,8.3971
767811,520500,187500,8.570684
767812,521500,187500,8.553165
767813,522500,187500,9.23515
767814,523500,187500,9.071981
767815,524500,187500,8.915548
767816,525500,187500,8.611045
767817,526500,187500,8.386854
767818,527500,187500,8.37916
767819,528500,187500,8.635426
767820,529500,187500,8.906279
767821,530500,187500,8.981999
767822,531500,187500,8.955828
767823,532500,187500,9.197021
767824,533500,187500,9.272466
767825,534500,187500,9.051617
767826,535500,187500,8.665952
767827,536500,187500,8.883133
767828,537500,187500,8.986487
767829,538500,187500,9.022553
767830,539500,187500,9.216883
767831,540500,187500,8.71713
767832,541500,187500,8.436162
767833,542500,187500,8.86371
767834,543500,187500,8.601624
767835,544500,187500,8.586465
767836,545500,187500,8.460035
767837,546500,187500,8.461878
767838,547500,187500,8.427822
767839,548500,187500,8.360077
767840,549500,187500,8.04626
767841,550500,187500,7.990571
767842,551500,187500,8.036053
767843,552500,187500,7.936826
768491,510500,186500,8.284419
768492,511500,186500,8.263746
768493,512500,186500,8.377381
768494,513500,186500,8.443289
768495,514500,186500,8.444598
768496,515500,186500,8.284416
768497,516500,186500,8.417453
768498,517500,186500,8.4593
768499,518500,186500,8.548997
768500,519500,186500,8.648102
768501,520500,186500,8.833297
768502,521500,186500,9.182748
768503,522500,186500,8.922586
768504,523500,186500,8.79203
768505,524500,186500,8.908077
768506,525500,186500,8.605645
768507,526500,186500,8.601197
768508,527500,186500,8.535668
768509,528500,186500,8.791095
768510,529500,186500,9.162182
768511,530500,186500,9.27299
768512,531500,186500,9.300953
768513,532500,186500,9.143353
768514,533500,186500,9.281344
768515,534500,186500,9.263853
768516,535500,186500,9.136422
768517,536500,186500,8.757384
768518,537500,186500,8.8744
768519,538500,186500,9.323377
768520,539500,186500,9.004186
768521,540500,186500,8.552714
768522,541500,186500,8.49214
768523,542500,186500,8.814699
768524,543500,186500,9.083037
768525,544500,186500,8.852063
768526,545500,186500,8.54285
768527,546500,186500,8.43707
768528,547500,186500,8.511226
768529,548500,186500,8.480156
768530,549500,186500,8.263878
768531,550500,186500,7.908883
768532,551500,186500,7.915859
768533,552500,186500,7.854216
769181,510500,185500,8.179741
769182,511500,185500,8.214344
769183,512500,185500,8.370267
769184,513500,185500,8.468328
769185,514500,185500,8.404707
769186,515500,185500,8.457705
769187,516500,185500,8.518708
769188,517500,185500,8.535859
769189,518500,185500,8.709805
769190,519500,185500,8.681069
769191,520500,185500,9.604345
769192,521500,185500,9.248426
769193,522500,185500,8.791869
769194,523500,185500,8.87676
769195,524500,185500,8.925179
769196,525500,185500,9.027493
769197,526500,185500,8.964705
769198,527500,185500,8.9903
769199,528500,185500,9.031992
769200,529500,185500,9.274717
769201,530500,185500,9.425313
769202,531500,185500,9.356977
769203,532500,185500,9.315866
769204,533500,185500,9.398479
769205,534500,185500,9.406988
769206,535500,185500,9.317673
769207,536500,185500,9.148209
769208,537500,185500,9.342275
769209,538500,185500,9.296027
769210,539500,185500,9.155153
769211,540500,185500,8.979201
769212,541500,185500,8.908421
769213,542500,185500,9.005763
769214,543500,185500,9.169466
769215,544500,185500,8.869001
769216,545500,185500,8.692822
769217,546500,185500,8.641849
769218,547500,185500,8.565177
769219,548500,185500,8.429963
769220,549500,185500,8.345013
769221,550500,185500,8.056482
769222,551500,185500,7.831794
769223,552500,185500,7.981534
769871,510500,184500,8.308975
769872,511500,184500,8.403678
769873,512500,184500,8.470119
769874,513500,184500,8.420494
769875,514500,184500,8.487778
769876,515500,184500,8.414168
769877,516500,184500,8.351681
769878,517500,184500,8.560412
769879,518500,184500,8.729066
769880,519500,184500,9.127855
769881,520500,184500,9.215546
769882,521500,184500,8.995789
769883,522500,184500,8.835096
769884,523500,184500,8.740349
769885,524500,184500,8.865506
769886,525500,184500,8.984157
769887,526500,184500,9.214734
769888,527500,184500,9.08179
769889,528500,184500,9.185561
769890,529500,184500,9.39578
769891,530500,184500,9.417197
769892,531500,184500,9.470135
769893,532500,184500,9.500833
769894,533500,184500,9.515191
769895,534500,184500,9.492462
769896,535500,184500,9.377501
769897,536500,184500,9.563611
769898,537500,184500,10.42686
769899,538500,184500,9.193477
769900,539500,184500,9.209738
769901,540500,184500,9.062602
769902,541500,184500,9.065928
769903,542500,184500,9.030195
769904,543500,184500,9.105627
769905,544500,184500,8.980607
769906,545500,184500,8.835877
769907,546500,184500,8.638579
769908,547500,184500,8.502325
769909,548500,184500,8.386317
769910,549500,184500,8.41684
769911,550500,184500,8.204182
769912,551500,184500,7.935098
769913,552500,184500,7.909859
770561,510500,183500,8.01547
770562,511500,183500,8.316406
770563,512500,183500,8.638913
770564,513500,183500,8.766287
770565,514500,183500,8.848815
770566,515500,183500,8.693202
770567,516500,183500,8.479712
770568,517500,183500,8.636507
770569,518500,183500,9.133256
770570,519500,183500,9.268526
770571,520500,183500,9.166611
770572,521500,183500,9.026248
770573,522500,183500,8.744387
770574,523500,183500,8.759602
770575,524500,183500,8.901295
770576,525500,183500,9.154752
770577,526500,183500,9.211879
770578,527500,183500,9.051741
770579,528500,183500,9.174288
770580,529500,183500,9.494947
770581,530500,183500,9.59938
770582,531500,183500,9.710508
770583,532500,183500,9.580144
770584,533500,183500,9.612316
770585,534500,183500,9.603748
770586,535500,183500,9.357792
770587,536500,183500,9.333083
770588,537500,183500,9.521126
770589,538500,183500,9.218664
770590,539500,183500,9.196335
770591,540500,183500,9.094417
770592,541500,183500,9.156776
770593,542500,183500,9.190827
770594,543500,183500,9.332515
770595,544500,183500,9.434982
770596,545500,183500,9.355243
770597,546500,183500,8.898486
770598,547500,183500,8.604988
770599,548500,183500,8.674148
770600,549500,183500,8.912658
770601,550500,183500,8.140134
770602,551500,183500,8.109461
770603,552500,183500,7.87545
771251,510500,182500,8.189439
771252,511500,182500,8.475642
771253,512500,182500,8.418709
771254,513500,182500,8.495946
771255,514500,182500,8.491233
771256,515500,182500,8.532663
771257,516500,182500,8.763171
771258,517500,182500,8.941685
771259,518500,182500,9.218074
771260,519500,182500,9.188428
771261,520500,182500,8.926785
771262,521500,182500,8.721982
771263,522500,182500,8.809258
771264,523500,182500,8.923504
771265,524500,182500,9.251297
771266,525500,182500,9.23283
771267,526500,182500,9.38358
771268,527500,182500,9.355372
771269,528500,182500,9.464931
771270,529500,182500,9.794406
771271,530500,182500,9.823989
771272,531500,182500,9.839895
771273,532500,182500,9.898662
771274,533500,182500,9.878679
771275,534500,182500,9.685287
771276,535500,182500,9.507541
771277,536500,182500,9.419257
771278,537500,182500,9.455042
771279,538500,182500,9.359258
771280,539500,182500,9.167606
771281,540500,182500,9.181684
771282,541500,182500,9.227538
771283,542500,182500,9.359307
771284,543500,182500,9.468822
771285,544500,182500,11.2676
771286,545500,182500,8.68
771287,546500,182500,8.445292
771288,547500,182500,8.217751
771289,548500,182500,8.22215
771290,549500,182500,8.502262
771291,550500,182500,8.316321
771292,551500,182500,8.604452
771293,552500,182500,7.96558
771941,510500,181500,8.48048
771942,511500,181500,8.553931
771943,512500,181500,8.40603
771944,513500,181500,8.508557
771945,514500,181500,8.43708
771946,515500,181500,8.509772
771947,516500,181500,8.576503
771948,517500,181500,8.643335
771949,518500,181500,8.759058
771950,519500,181500,8.741531
771951,520500,181500,9.080068
771952,521500,181500,8.832164
771953,522500,181500,8.780007
771954,523500,181500,9.286169
771955,524500,181500,9.430859
771956,525500,181500,9.531697
771957,526500,181500,9.607023
771958,527500,181500,9.78957
771959,528500,181500,10.17457
771960,529500,181500,9.887513
771961,530500,181500,9.839291
771962,531500,181500,9.786549
771963,532500,181500,9.693231
771964,533500,181500,9.809637
771965,534500,181500,9.825412
771966,535500,181500,9.553946
771967,536500,181500,9.555361
771968,537500,181500,9.418309
771969,538500,181500,9.669037
771970,539500,181500,9.596459
771971,540500,181500,9.353777
771972,541500,181500,9.194144
771973,542500,181500,8.956696
771974,543500,181500,8.964251
771975,544500,181500,8.62198
771976,545500,181500,8.322731
771977,546500,181500,8.103456
771978,547500,181500,8.122066
771979,548500,181500,8.28348
771980,549500,181500,8.147332
771981,550500,181500,7.834095
771982,551500,181500,8.090919
771983,552500,181500,8.025512
772631,510500,180500,8.593391
772632,511500,180500,8.542138
772633,512500,180500,8.638842
772634,513500,180500,8.593867
772635,514500,180500,8.50683
772636,515500,180500,8.564553
772637,516500,180500,8.67529
772638,517500,180500,8.696215
772639,518500,180500,8.769608
772640,519500,180500,8.767504
772641,520500,180500,8.839505
772642,521500,180500,8.982107
772643,522500,180500,9.119279
772644,523500,180500,9.210553
772645,524500,180500,9.256087
772646,525500,180500,9.383728
772647,526500,180500,9.206347
772648,527500,180500,9.321057
772649,528500,180500,9.632991
772650,529500,180500,9.78831
772651,530500,180500,9.695717
772652,531500,180500,9.636725
772653,532500,180500,9.696449
772654,533500,180500,9.632281
772655,534500,180500,9.622405
772656,535500,180500,9.415606
772657,536500,180500,9.421889
772658,537500,180500,9.750572
772659,538500,180500,9.84225
772660,539500,180500,9.126538
772661,540500,180500,8.97564
772662,541500,180500,8.917948
772663,542500,180500,9.166577
772664,543500,180500,8.850059
772665,544500,180500,8.464798
772666,545500,180500,8.187598
772667,546500,180500,8.237156
772668,547500,180500,8.257901
772669,548500,180500,8.292061
772670,549500,180500,7.905697
772671,550500,180500,7.773569
772672,551500,180500,7.686046
772673,552500,180500,7.623642
773321,510500,179500,8.579056
773322,511500,179500,8.384219
773323,512500,179500,8.492929
773324,513500,179500,8.536861
773325,514500,179500,8.381337
773326,515500,179500,8.430157
773327,516500,179500,8.610613
773328,517500,179500,8.612831
773329,518500,179500,8.609778
773330,519500,179500,8.751118
773331,520500,179500,8.77702
773332,521500,179500,8.810065
773333,522500,179500,9.008555
773334,523500,179500,9.333197
773335,524500,179500,9.270523
773336,525500,179500,9.344968
773337,526500,179500,9.271316
773338,527500,179500,9.523153
773339,528500,179500,9.634521
773340,529500,179500,10.16302
773341,530500,179500,9.497127
773342,531500,179500,9.866072
773343,532500,179500,9.611981
773344,533500,179500,9.678582
773345,534500,179500,9.352075
773346,535500,179500,9.157403
773347,536500,179500,9.008677
773348,537500,179500,9.233087
773349,538500,179500,9.116238
773350,539500,179500,9.024056
773351,540500,179500,8.647765
773352,541500,179500,8.59656
773353,542500,179500,8.610387
773354,543500,179500,8.752214
773355,544500,179500,8.440174
773356,545500,179500,8.321347
773357,546500,179500,8.213793
773358,547500,179500,8.218545
773359,548500,179500,8.022696
773360,549500,179500,8.080796
773361,550500,179500,7.938257
773362,551500,179500,7.589362
773363,552500,179500,7.718013
774011,510500,178500,8.606811
774012,511500,178500,8.320784
774013,512500,178500,8.419481
774014,513500,178500,8.505919
774015,514500,178500,8.374561
774016,515500,178500,8.371132
774017,516500,178500,8.617421
774018,517500,178500,8.876824
774019,518500,178500,8.876142
774020,519500,178500,8.946428
774021,520500,178500,8.766241
774022,521500,178500,8.913672
774023,522500,178500,9.096029
774024,523500,178500,9.611621
774025,524500,178500,9.35455
774026,525500,178500,9.516207
774027,526500,178500,9.461531
774028,527500,178500,9.477467
774029,528500,178500,9.503636
774030,529500,178500,9.673331
774031,530500,178500,9.523082
774032,531500,178500,9.557202
774033,532500,178500,9.570835
774034,533500,178500,9.476597
774035,534500,178500,9.291795
774036,535500,178500,9.083535
774037,536500,178500,9.081149
774038,537500,178500,9.005376
774039,538500,178500,8.793277
774040,539500,178500,9.089427
774041,540500,178500,8.817468
774042,541500,178500,8.626251
774043,542500,178500,8.466174
774044,543500,178500,8.531753
774045,544500,178500,8.553246
774046,545500,178500,8.299468
774047,546500,178500,8.226936
774048,547500,178500,8.058552
774049,548500,178500,7.935245
774050,549500,178500,7.988842
774051,550500,178500,7.949864
774052,551500,178500,7.658629
774053,552500,178500,7.46903
774701,510500,177500,8.298511
774702,511500,177500,8.411751
774703,512500,177500,8.53386
774704,513500,177500,8.362452
774705,514500,177500,8.316631
774706,515500,177500,8.419325
774707,516500,177500,8.596082
774708,517500,177500,8.604886
774709,518500,177500,8.444923
774710,519500,177500,8.622374
774711,520500,177500,8.702065
774712,521500,177500,8.735209
774713,522500,177500,8.622518
774714,523500,177500,8.887247
774715,524500,177500,9.13514
774716,525500,177500,9.21447
774717,526500,177500,9.408738
774718,527500,177500,9.266064
774719,528500,177500,9.219096
774720,529500,177500,9.25792
774721,530500,177500,9.529305
774722,531500,177500,9.426842
774723,532500,177500,9.285728
774724,533500,177500,9.124745
774725,534500,177500,9.169904
774726,535500,177500,9.08741
774727,536500,177500,9.08251
774728,537500,177500,8.950577
774729,538500,177500,8.749149
774730,539500,177500,8.610202
774731,540500,177500,8.837327
774732,541500,177500,8.519164
774733,542500,177500,8.247178
774734,543500,177500,8.375864
774735,544500,177500,8.238451
774736,545500,177500,8.095021
774737,546500,177500,7.995389
774738,547500,177500,8.027461
774739,548500,177500,8.002794
774740,549500,177500,7.95171
774741,550500,177500,7.870719
774742,551500,177500,7.947878
774743,552500,177500,7.678297
775391,510500,176500,8.393142
775392,511500,176500,8.437891
775393,512500,176500,8.484181
775394,513500,176500,8.486534
775395,514500,176500,8.547207
775396,515500,176500,8.602084
775397,516500,176500,8.536006
775398,517500,176500,8.236792
775399,518500,176500,8.330696
775400,519500,176500,8.540537
775401,520500,176500,8.39815
775402,521500,176500,8.423871
775403,522500,176500,8.426897
775404,523500,176500,8.580986
775405,524500,176500,9.057666
775406,525500,176500,9.138286
775407,526500,176500,9.085751
775408,527500,176500,9.271717
775409,528500,176500,9.231111
775410,529500,176500,9.228089
775411,530500,176500,9.304824
775412,531500,176500,9.200633
775413,532500,176500,9.237212
775414,533500,176500,9.134503
775415,534500,176500,9.143137
775416,535500,176500,9.063034
775417,536500,176500,9.01623
775418,537500,176500,9.071056
775419,538500,176500,8.852154
775420,539500,176500,8.686541
775421,540500,176500,8.671234
775422,541500,176500,8.437271
775423,542500,176500,8.343641
775424,543500,176500,8.187551
775425,544500,176500,8.011213
775426,545500,176500,8.027531
775427,546500,176500,8.02627
775428,547500,176500,8.03226
775429,548500,176500,7.979498
775430,549500,176500,7.958228
775431,550500,176500,7.827017
775432,551500,176500,7.988345
775433,552500,176500,7.654044
776081,510500,175500,8.307376
776082,511500,175500,8.24674
776083,512500,175500,8.483125
776084,513500,175500,8.638549
776085,514500,175500,8.551895
776086,515500,175500,8.761278
776087,516500,175500,8.513416
776088,517500,175500,8.290679
776089,518500,175500,8.634596
776090,519500,175500,8.638772
776091,520500,175500,8.565022
776092,521500,175500,8.420948
776093,522500,175500,8.510333
776094,523500,175500,8.710903
776095,524500,175500,8.842324
776096,525500,175500,8.88686
776097,526500,175500,9.160034
776098,527500,175500,9.200198
776099,528500,175500,9.225613
776100,529500,175500,9.267305
776101,530500,175500,9.210196
776102,531500,175500,9.175957
776103,532500,175500,8.996241
776104,533500,175500,9.020327
776105,534500,175500,8.969603
776106,535500,175500,8.767598
776107,536500,175500,8.794069
776108,537500,175500,8.790719
776109,538500,175500,8.910164
776110,539500,175500,8.702131
776111,540500,175500,8.334868
776112,541500,175500,8.674474
776113,542500,175500,8.454483
776114,543500,175500,8.30503
776115,544500,175500,8.157876
776116,545500,175500,8.134571
776117,546500,175500,8.043866
776118,547500,175500,7.997511
776119,548500,175500,8.091282
776120,549500,175500,7.979163
776121,550500,175500,7.686149
776122,551500,175500,7.683805
776123,552500,175500,7.862287
776771,510500,174500,8.336741
776772,511500,174500,8.124835
776773,512500,174500,8.173752
776774,513500,174500,8.414857
776775,514500,174500,8.432147
776776,515500,174500,8.409602
776777,516500,174500,8.53076
776778,517500,174500,8.465426
776779,518500,174500,8.427599
776780,519500,174500,8.099472
776781,520500,174500,8.049738
776782,521500,174500,8.136334
776783,522500,174500,8.411246
776784,523500,174500,8.595149
776785,524500,174500,8.791766
776786,525500,174500,9.026615
776787,526500,174500,9.025643
776788,527500,174500,8.86136
776789,528500,174500,8.934243
776790,529500,174500,9.042962
776791,530500,174500,9.069419
776792,531500,174500,8.951752
776793,532500,174500,8.849277
776794,533500,174500,8.816115
776795,534500,174500,8.732281
776796,535500,174500,8.549153
776797,536500,174500,8.669901
776798,537500,174500,8.699513
776799,538500,174500,8.67494
776800,539500,174500,8.584354
776801,540500,174500,8.377758
776802,541500,174500,8.333323
776803,542500,174500,8.317336
776804,543500,174500,8.015537
776805,544500,174500,7.903027
776806,545500,174500,8.137721
776807,546500,174500,8.1778
776808,547500,174500,8.112512
776809,548500,174500,8.078513
776810,549500,174500,8.07141
776811,550500,174500,7.611141
776812,551500,174500,7.767908
776813,552500,174500,7.940971
777461,510500,173500,8.239614
777462,511500,173500,8.177564
777463,512500,173500,8.185142
777464,513500,173500,8.286211
777465,514500,173500,8.469851
777466,515500,173500,8.394948
777467,516500,173500,8.389258
777468,517500,173500,8.108452
777469,518500,173500,8.065599
777470,519500,173500,7.91367
777471,520500,173500,7.840222
777472,521500,173500,7.9304
777473,522500,173500,8.37426
777474,523500,173500,8.555684
777475,524500,173500,8.607257
777476,525500,173500,8.763122
777477,526500,173500,8.757845
777478,527500,173500,8.760138
777479,528500,173500,8.933727
777480,529500,173500,8.952048
777481,530500,173500,9.059376
777482,531500,173500,8.901076
777483,532500,173500,8.692516
777484,533500,173500,8.570756
777485,534500,173500,8.659803
777486,535500,173500,8.633461
777487,536500,173500,8.675804
777488,537500,173500,8.797262
777489,538500,173500,8.646103
777490,539500,173500,8.544121
777491,540500,173500,8.388788
777492,541500,173500,8.06969
777493,542500,173500,7.968227
777494,543500,173500,7.82759
777495,544500,173500,7.878788
777496,545500,173500,7.89976
777497,546500,173500,7.773314
777498,547500,173500,7.871301
777499,548500,173500,7.756668
777500,549500,173500,7.696758
777501,550500,173500,7.695757
777502,551500,173500,7.772723
777503,552500,173500,7.841331
778151,510500,172500,8.2316
778152,511500,172500,8.145518
778153,512500,172500,8.40308
778154,513500,172500,8.325029
778155,514500,172500,8.343376
778156,515500,172500,8.261082
778157,516500,172500,8.118065
778158,517500,172500,8.133521
778159,518500,172500,7.954623
778160,519500,172500,7.866111
778161,520500,172500,7.820632
778162,521500,172500,8.062587
778163,522500,172500,8.165067
778164,523500,172500,8.189822
778165,524500,172500,8.265686
778166,525500,172500,8.557424
778167,526500,172500,8.756124
778168,527500,172500,8.799453
778169,528500,172500,8.863941
778170,529500,172500,8.68299
778171,530500,172500,8.929804
778172,531500,172500,8.826886
778173,532500,172500,8.720298
778174,533500,172500,8.416595
778175,534500,172500,8.485888
778176,535500,172500,8.619099
778177,536500,172500,8.695448
778178,537500,172500,8.520349
778179,538500,172500,8.444293
778180,539500,172500,8.405154
778181,540500,172500,8.246964
778182,541500,172500,7.929479
778183,542500,172500,7.973736
778184,543500,172500,7.948874
778185,544500,172500,7.943657
778186,545500,172500,7.771216
778187,546500,172500,7.820342
778188,547500,172500,7.731475
778189,548500,172500,7.568241
778190,549500,172500,7.53315
778191,550500,172500,7.485669
778192,551500,172500,7.767068
778193,552500,172500,7.741734
778841,510500,171500,8.086942
778842,511500,171500,8.286184
778843,512500,171500,8.298534
778844,513500,171500,8.162464
778845,514500,171500,8.215484
778846,515500,171500,8.289598
778847,516500,171500,8.230368
778848,517500,171500,8.203357
778849,518500,171500,8.088156
778850,519500,171500,7.916059
778851,520500,171500,7.970455
778852,521500,171500,8.063538
778853,522500,171500,7.940594
778854,523500,171500,8.139509
778855,524500,171500,8.293535
778856,525500,171500,8.484764
778857,526500,171500,8.694613
778858,527500,171500,8.915386
778859,528500,171500,8.810819
778860,529500,171500,8.834075
778861,530500,171500,8.847086
778862,531500,171500,8.754958
778863,532500,171500,8.711933
778864,533500,171500,8.602141
778865,534500,171500,8.530677
778866,535500,171500,8.557426
778867,536500,171500,8.542443
778868,537500,171500,8.412292
778869,538500,171500,8.406609
778870,539500,171500,8.301379
778871,540500,171500,8.077492
778872,541500,171500,7.839504
778873,542500,171500,7.861829
778874,543500,171500,7.867825
778875,544500,171500,7.657397
778876,545500,171500,7.695827
778877,546500,171500,7.721107
778878,547500,171500,7.596421
778879,548500,171500,7.552839
778880,549500,171500,7.342764
778881,550500,171500,7.395875
778882,551500,171500,7.389336
778883,552500,171500,7.353646
779531,510500,170500,8.539886
779532,511500,170500,8.024911
779533,512500,170500,8.088977
779534,513500,170500,8.148398
779535,514500,170500,8.073506
779536,515500,170500,8.035732
779537,516500,170500,8.084976
779538,517500,170500,8.182193
779539,518500,170500,8.310866
779540,519500,170500,8.206178
779541,520500,170500,8.030931
779542,521500,170500,8.120755
779543,522500,170500,8.049362
779544,523500,170500,8.247911
779545,524500,170500,8.513623
779546,525500,170500,8.630583
779547,526500,170500,8.722499
779548,527500,170500,8.705534
779549,528500,170500,8.717772
779550,529500,170500,8.795562
779551,530500,170500,8.676847
779552,531500,170500,8.465662
779553,532500,170500,8.473242
779554,533500,170500,8.511779
779555,534500,170500,8.405342
779556,535500,170500,8.390803
779557,536500,170500,8.169937
779558,537500,170500,8.14584
779559,538500,170500,8.01915
779560,539500,170500,8.078808
779561,540500,170500,7.97748
779562,541500,170500,7.690904
779563,542500,170500,7.699607
779564,543500,170500,7.640186
779565,544500,170500,7.643118
779566,545500,170500,7.521618
779567,546500,170500,7.698882
779568,547500,170500,8.014247
779569,548500,170500,7.532572
779570,549500,170500,7.36003
779571,550500,170500,7.279725
779572,551500,170500,7.583447
779573,552500,170500,7.505499
780221,510500,169500,8.423099
780222,511500,169500,8.20118
780223,512500,169500,8.064615
780224,513500,169500,8.209349
780225,514500,169500,8.133488
780226,515500,169500,7.844269
780227,516500,169500,7.831152
780228,517500,169500,8.183142
780229,518500,169500,8.445795
780230,519500,169500,8.349542
780231,520500,169500,8.165475
780232,521500,169500,8.188463
780233,522500,169500,8.274565
780234,523500,169500,8.438626
780235,524500,169500,8.423797
780236,525500,169500,8.499989
780237,526500,169500,8.542496
780238,527500,169500,8.6023
780239,528500,169500,8.502689
780240,529500,169500,8.539619
780241,530500,169500,8.544888
780242,531500,169500,8.383805
780243,532500,169500,8.455567
780244,533500,169500,8.391864
780245,534500,169500,8.333642
780246,535500,169500,8.330298
780247,536500,169500,8.199011
780248,537500,169500,8.136252
780249,538500,169500,7.961134
780250,539500,169500,7.934028
780251,540500,169500,7.928783
780252,541500,169500,7.788265
780253,542500,169500,7.632072
780254,543500,169500,7.568164
780255,544500,169500,7.427684
780256,545500,169500,7.33261
780257,546500,169500,7.511892
780258,547500,169500,7.513568
780259,548500,169500,7.278969
780260,549500,169500,7.384676
780261,550500,169500,7.624053
780262,551500,169500,7.625578
780263,552500,169500,7.419726
