pm10,,,
2022,,,
annual mean,,,
ug m-3 (gravimetric units),,,
,,,
gridcode,x,y,pm102022g
764351,510500,192500,14.73053
764352,511500,192500,15.85974
764353,512500,192500,15.08006
764354,513500,192500,14.80152
764355,514500,192500,14.78813
764356,515500,192500,14.84286
764357,516500,192500,15.36945
764358,517500,192500,15.7669
764359,518500,192500,16.10651
764360,519500,192500,16.43384
764361,520500,192500,17.92965
764362,521500,192500,17.75925
764363,522500,192500,15.70632
764364,523500,192500,15.77414
764365,524500,192500,15.8853
764366,525500,192500,16.04105
764367,526500,192500,16.67776
764368,527500,192500,16.47018
764369,528500,192500,17.22849
764370,529500,192500,17.66587
764371,530500,192500,18.0304
764372,531500,192500,18.3305
764373,532500,192500,18.95112
764374,533500,192500,19.30963
764375,534500,192500,19.66593
764376,535500,192500,18.67514
764377,536500,192500,18.54269
764378,537500,192500,17.36604
764379,538500,192500,16.57826
764380,539500,192500,16.57681
764381,540500,192500,16.26575
764382,541500,192500,16.49527
764383,542500,192500,17.50562
764384,543500,192500,15.93518
764385,544500,192500,16.34509
764386,545500,192500,15.60833
764387,546500,192500,15.07675
764388,547500,192500,14.62335
764389,548500,192500,14.60236
764390,549500,192500,15.21717
764391,550500,192500,14.38913
764392,551500,192500,14.65378
764393,552500,192500,14.59514
765041,510500,191500,14.67904
765042,511500,191500,14.65858
765043,512500,191500,15.01815
765044,513500,191500,15.25684
765045,514500,191500,15.42714
765046,515500,191500,15.79332
765047,516500,191500,15.40902
765048,517500,191500,15.83983
765049,518500,191500,15.78045
765050,519500,191500,16.62437
765051,520500,191500,16.5121
765052,521500,191500,18.10157
765053,522500,191500,16.30747
765054,523500,191500,16.15297
765055,524500,191500,16.13126
765056,525500,191500,16.67405
765057,526500,191500,17.30214
765058,527500,191500,18.16078
765059,528500,191500,18.47989
765060,529500,191500,17.44579
765061,530500,191500,17.57169
765062,531500,191500,17.06722
765063,532500,191500,17.77618
765064,533500,191500,17.79274
765065,534500,191500,17.99854
765066,535500,191500,17.31167
765067,536500,191500,18.62501
765068,537500,191500,18.54071
765069,538500,191500,17.19658
765070,539500,191500,16.92972
765071,540500,191500,16.98915
765072,541500,191500,17.96277
765073,542500,191500,16.7997
765074,543500,191500,15.9431
765075,544500,191500,16.67465
765076,545500,191500,15.31408
765077,546500,191500,15.6254
765078,547500,191500,16.09205
765079,548500,191500,15.84231
765080,549500,191500,15.93495
765081,550500,191500,15.25515
765082,551500,191500,14.77651
765083,552500,191500,14.52085
765731,510500,190500,15.07174
765732,511500,190500,15.05349
765733,512500,190500,14.99881
765734,513500,190500,15.03603
765735,514500,190500,15.60063
765736,515500,190500,16.26615
765737,516500,190500,15.99838
765738,517500,190500,16.00989
765739,518500,190500,16.26532
765740,519500,190500,16.62787
765741,520500,190500,16.85154
765742,521500,190500,17.17871
765743,522500,190500,18.23209
765744,523500,190500,16.88913
765745,524500,190500,16.98151
765746,525500,190500,17.37007
765747,526500,190500,18.60286
765748,527500,190500,16.61522
765749,528500,190500,16.79883
765750,529500,190500,16.74112
765751,530500,190500,17.2958
765752,531500,190500,18.44458
765753,532500,190500,18.33785
765754,533500,190500,18.8087
765755,534500,190500,18.07465
765756,535500,190500,17.61089
765757,536500,190500,17.56674
765758,537500,190500,19.10606
765759,538500,190500,19.22719
765760,539500,190500,18.86823
765761,540500,190500,18.82563
765762,541500,190500,18.42471
765763,542500,190500,17.47186
765764,543500,190500,16.38567
765765,544500,190500,16.27507
765766,545500,190500,15.16609
765767,546500,190500,16.44711
765768,547500,190500,16.02118
765769,548500,190500,16.46161
765770,549500,190500,17.05195
765771,550500,190500,16.01116
765772,551500,190500,15.33518
765773,552500,190500,15.51387
766421,510500,189500,14.71822
766422,511500,189500,14.82889
766423,512500,189500,14.93614
766424,513500,189500,15.26469
766425,514500,189500,15.49803
766426,515500,189500,16.35414
766427,516500,189500,15.88819
766428,517500,189500,16.02329
766429,518500,189500,16.43242
766430,519500,189500,16.35769
766431,520500,189500,16.75065
766432,521500,189500,16.89713
766433,522500,189500,18.391
766434,523500,189500,17.74019
766435,524500,189500,18.76386
766436,525500,189500,18.39909
766437,526500,189500,17.0781
766438,527500,189500,17.20942
766439,528500,189500,16.93845
766440,529500,189500,17.02514
766441,530500,189500,17.38642
766442,531500,189500,18.90307
766443,532500,189500,18.01397
766444,533500,189500,19.1314
766445,534500,189500,18.2664
766446,535500,189500,17.17452
766447,536500,189500,17.96271
766448,537500,189500,18.14561
766449,538500,189500,17.58827
766450,539500,189500,17.19176
766451,540500,189500,17.51731
766452,541500,189500,18.16322
766453,542500,189500,18.20081
766454,543500,189500,16.86653
766455,544500,189500,16.39814
766456,545500,189500,15.99548
766457,546500,189500,16.85482
766458,547500,189500,16.16503
766459,548500,189500,16.39459
766460,549500,189500,16.87672
766461,550500,189500,16.25705
766462,551500,189500,15.76709
766463,552500,189500,14.93936
767111,510500,188500,14.96605
767112,511500,188500,14.99915
767113,512500,188500,15.2301
767114,513500,188500,15.80482
767115,514500,188500,16.03732
767116,515500,188500,16.55544
767117,516500,188500,16.10329
767118,517500,188500,16.01562
767119,518500,188500,16.30444
767120,519500,188500,16.34848
767121,520500,188500,16.5035
767122,521500,188500,17.16677
767123,522500,188500,18.68838
767124,523500,188500,18.68994
767125,524500,188500,18.52017
767126,525500,188500,16.86556
767127,526500,188500,16.82241
767128,527500,188500,17.23355
767129,528500,188500,17.1516
767130,529500,188500,17.11293
767131,530500,188500,17.80231
767132,531500,188500,18.05951
767133,532500,188500,18.16752
767134,533500,188500,19.43812
767135,534500,188500,17.47586
767136,535500,188500,17.1966
767137,536500,188500,17.91092
767138,537500,188500,18.44751
767139,538500,188500,18.0873
767140,539500,188500,17.57843
767141,540500,188500,18.89336
767142,541500,188500,18.85187
767143,542500,188500,17.64991
767144,543500,188500,17.77421
767145,544500,188500,17.1267
767146,545500,188500,16.91433
767147,546500,188500,17.05157
767148,547500,188500,16.17941
767149,548500,188500,16.99107
767150,549500,188500,16.33219
767151,550500,188500,15.67122
767152,551500,188500,16.42173
767153,552500,188500,15.45212
767801,510500,187500,15.15876
767802,511500,187500,15.23466
767803,512500,187500,15.53664
767804,513500,187500,15.83826
767805,514500,187500,15.98619
767806,515500,187500,15.93137
767807,516500,187500,15.96809
767808,517500,187500,15.9117
767809,518500,187500,16.13402
767810,519500,187500,16.37021
767811,520500,187500,16.69482
767812,521500,187500,16.70217
767813,522500,187500,18.87924
767814,523500,187500,18.76562
767815,524500,187500,18.15311
767816,525500,187500,17.37003
767817,526500,187500,16.43162
767818,527500,187500,16.58666
767819,528500,187500,17.08978
767820,529500,187500,18.15434
767821,530500,187500,18.40585
767822,531500,187500,18.31081
767823,532500,187500,19.27282
767824,533500,187500,19.36771
767825,534500,187500,18.47681
767826,535500,187500,17.37611
767827,536500,187500,18.21187
767828,537500,187500,18.54637
767829,538500,187500,18.60823
767830,539500,187500,19.43497
767831,540500,187500,18.10029
767832,541500,187500,16.81747
767833,542500,187500,18.60178
767834,543500,187500,17.43803
767835,544500,187500,17.16812
767836,545500,187500,16.87174
767837,546500,187500,17.42569
767838,547500,187500,16.92475
767839,548500,187500,16.46259
767840,549500,187500,15.35065
767841,550500,187500,15.27422
767842,551500,187500,15.57724
767843,552500,187500,14.97002
768491,510500,186500,15.41423
768492,511500,186500,15.42143
768493,512500,186500,15.798
768494,513500,186500,16.16187
768495,514500,186500,16.28129
768496,515500,186500,15.88567
768497,516500,186500,16.37199
768498,517500,186500,16.43065
768499,518500,186500,16.82684
768500,519500,186500,17.16277
768501,520500,186500,17.73365
768502,521500,186500,19.04627
768503,522500,186500,17.65978
768504,523500,186500,17.48403
768505,524500,186500,18.37964
768506,525500,186500,17.45855
768507,526500,186500,17.00481
768508,527500,186500,16.72494
768509,528500,186500,17.45105
768510,529500,186500,19.11753
768511,530500,186500,19.58783
768512,531500,186500,19.81378
768513,532500,186500,18.82822
768514,533500,186500,19.35769
768515,534500,186500,19.36425
768516,535500,186500,18.57306
768517,536500,186500,17.36395
768518,537500,186500,18.27826
768519,538500,186500,19.95926
768520,539500,186500,18.52993
768521,540500,186500,17.2418
768522,541500,186500,16.99624
768523,542500,186500,18.34559
768524,543500,186500,19.35546
768525,544500,186500,18.2928
768526,545500,186500,17.1678
768527,546500,186500,16.7706
768528,547500,186500,16.67639
768529,548500,186500,16.6748
768530,549500,186500,16.03184
768531,550500,186500,14.84104
768532,551500,186500,14.89668
768533,552500,186500,14.62338
769181,510500,185500,15.42314
769182,511500,185500,15.46994
769183,512500,185500,15.84208
769184,513500,185500,16.44961
769185,514500,185500,16.24966
769186,515500,185500,16.5901
769187,516500,185500,16.74239
769188,517500,185500,16.80243
769189,518500,185500,17.43311
769190,519500,185500,16.98185
769191,520500,185500,18.18531
769192,521500,185500,19.30699
769193,522500,185500,17.68041
769194,523500,185500,18.25849
769195,524500,185500,17.99104
769196,525500,185500,18.64694
769197,526500,185500,18.12775
769198,527500,185500,18.04931
769199,528500,185500,18.17639
769200,529500,185500,19.32936
769201,530500,185500,20.36009
769202,531500,185500,19.64415
769203,532500,185500,19.44536
769204,533500,185500,19.66632
769205,534500,185500,20.16529
769206,535500,185500,19.53252
769207,536500,185500,18.76273
769208,537500,185500,19.25869
769209,538500,185500,19.59644
769210,539500,185500,18.44019
769211,540500,185500,18.22225
769212,541500,185500,18.03092
769213,542500,185500,18.5111
769214,543500,185500,19.71842
769215,544500,185500,18.31774
769216,545500,185500,17.57748
769217,546500,185500,17.53633
769218,547500,185500,17.17912
769219,548500,185500,16.33092
769220,549500,185500,15.94992
769221,550500,185500,15.17201
769222,551500,185500,14.79254
769223,552500,185500,14.8957
769871,510500,184500,16.85228
769872,511500,184500,16.91313
769873,512500,184500,17.07858
769874,513500,184500,16.33762
769875,514500,184500,16.85833
769876,515500,184500,16.6867
769877,516500,184500,16.18942
769878,517500,184500,16.95454
769879,518500,184500,17.46957
769880,519500,184500,18.92419
769881,520500,184500,19.54946
769882,521500,184500,18.20521
769883,522500,184500,18.11898
769884,523500,184500,17.80442
769885,524500,184500,18.47933
769886,525500,184500,18.13721
769887,526500,184500,19.28068
769888,527500,184500,18.38523
769889,528500,184500,19.01326
769890,529500,184500,19.91614
769891,530500,184500,19.72763
769892,531500,184500,20.01933
769893,532500,184500,20.18876
769894,533500,184500,20.23294
769895,534500,184500,20.24708
769896,535500,184500,20.02714
769897,536500,184500,19.83917
769898,537500,184500,18.81459
769899,538500,184500,18.78156
769900,539500,184500,18.93282
769901,540500,184500,18.48595
769902,541500,184500,18.46821
769903,542500,184500,18.40929
769904,543500,184500,19.37447
769905,544500,184500,18.50975
769906,545500,184500,17.70211
769907,546500,184500,17.50584
769908,547500,184500,16.87362
769909,548500,184500,16.23757
769910,549500,184500,16.1246
769911,550500,184500,15.75008
769912,551500,184500,15.08386
769913,552500,184500,14.67295
770561,510500,183500,15.20583
770562,511500,183500,16.2522
770563,512500,183500,17.80086
770564,513500,183500,17.86631
770565,514500,183500,18.17815
770566,515500,183500,17.96077
770567,516500,183500,16.42279
770568,517500,183500,17.021
770569,518500,183500,18.66449
770570,519500,183500,19.61787
770571,520500,183500,17.88267
770572,521500,183500,18.73657
770573,522500,183500,17.6039
770574,523500,183500,17.70107
770575,524500,183500,18.13819
770576,525500,183500,18.97165
770577,526500,183500,18.93628
770578,527500,183500,18.35965
770579,528500,183500,18.82889
770580,529500,183500,20.06849
770581,530500,183500,20.35664
770582,531500,183500,20.54323
770583,532500,183500,20.2062
770584,533500,183500,20.38753
770585,534500,183500,20.44772
770586,535500,183500,19.3447
770587,536500,183500,19.09636
770588,537500,183500,20.03311
770589,538500,183500,18.97518
770590,539500,183500,18.98744
770591,540500,183500,18.69933
770592,541500,183500,18.91205
770593,542500,183500,19.07309
770594,543500,183500,19.27153
770595,544500,183500,19.60139
770596,545500,183500,19.23449
770597,546500,183500,18.26273
770598,547500,183500,17.61588
770599,548500,183500,17.54559
770600,549500,183500,16.85667
770601,550500,183500,15.48813
770602,551500,183500,15.45241
770603,552500,183500,14.89353
771251,510500,182500,15.52026
771252,511500,182500,16.52817
771253,512500,182500,16.17105
771254,513500,182500,16.33196
771255,514500,182500,16.50655
771256,515500,182500,17.1125
771257,516500,182500,18.06266
771258,517500,182500,18.42986
771259,518500,182500,19.14956
771260,519500,182500,18.45693
771261,520500,182500,17.48769
771262,521500,182500,17.3035
771263,522500,182500,17.58418
771264,523500,182500,17.98977
771265,524500,182500,19.03081
771266,525500,182500,18.98804
771267,526500,182500,19.45917
771268,527500,182500,19.60373
771269,528500,182500,19.75702
771270,529500,182500,21.1526
771271,530500,182500,20.68258
771272,531500,182500,20.74042
771273,532500,182500,22.44488
771274,533500,182500,21.0356
771275,534500,182500,20.38803
771276,535500,182500,20.00611
771277,536500,182500,19.9924
771278,537500,182500,20.08699
771279,538500,182500,19.50805
771280,539500,182500,18.70308
771281,540500,182500,19.05746
771282,541500,182500,19.18731
771283,542500,182500,19.52848
771284,543500,182500,19.24747
771285,544500,182500,20.41021
771286,545500,182500,16.82665
771287,546500,182500,16.68291
771288,547500,182500,16.3909
771289,548500,182500,15.68541
771290,549500,182500,16.81484
771291,550500,182500,16.5448
771292,551500,182500,15.92287
771293,552500,182500,15.16264
771941,510500,181500,16.36425
771942,511500,181500,16.70366
771943,512500,181500,16.03831
771944,513500,181500,16.32545
771945,514500,181500,16.31182
771946,515500,181500,16.4284
771947,516500,181500,16.6139
771948,517500,181500,16.8038
771949,518500,181500,17.57248
771950,519500,181500,17.31914
771951,520500,181500,19.06052
771952,521500,181500,17.27748
771953,522500,181500,17.48839
771954,523500,181500,19.55131
771955,524500,181500,20.07983
771956,525500,181500,20.22827
771957,526500,181500,20.17027
771958,527500,181500,20.49557
771959,528500,181500,21.04985
771960,529500,181500,20.75863
771961,530500,181500,20.46081
771962,531500,181500,20.51725
771963,532500,181500,20.91466
771964,533500,181500,20.63444
771965,534500,181500,21.14129
771966,535500,181500,20.27233
771967,536500,181500,20.65778
771968,537500,181500,20.33147
771969,538500,181500,20.17796
771970,539500,181500,19.75044
771971,540500,181500,19.5838
771972,541500,181500,19.13873
771973,542500,181500,17.527
771974,543500,181500,17.65548
771975,544500,181500,16.40535
771976,545500,181500,16.18693
771977,546500,181500,15.53188
771978,547500,181500,15.48085
771979,548500,181500,15.32621
771980,549500,181500,15.07296
771981,550500,181500,14.48619
771982,551500,181500,16.2142
771983,552500,181500,16.45113
772631,510500,180500,16.7487
772632,511500,180500,16.63052
772633,512500,180500,17.08019
772634,513500,180500,16.70366
772635,514500,180500,16.64085
772636,515500,180500,16.78777
772637,516500,180500,17.25777
772638,517500,180500,17.13379
772639,518500,180500,17.73624
772640,519500,180500,17.51493
772641,520500,180500,17.91926
772642,521500,180500,18.87675
772643,522500,180500,18.91614
772644,523500,180500,19.41763
772645,524500,180500,18.94658
772646,525500,180500,19.54931
772647,526500,180500,18.74422
772648,527500,180500,19.15026
772649,528500,180500,19.56899
772650,529500,180500,20.11074
772651,530500,180500,19.84736
772652,531500,180500,20.02281
772653,532500,180500,20.36337
772654,533500,180500,21.02316
772655,534500,180500,20.46705
772656,535500,180500,20.03126
772657,536500,180500,20.06869
772658,537500,180500,20.67558
772659,538500,180500,20.2012
772660,539500,180500,18.68994
772661,540500,180500,18.24479
772662,541500,180500,17.86482
772663,542500,180500,17.34824
772664,543500,180500,17.4254
772665,544500,180500,16.15235
772666,545500,180500,16.25712
772667,546500,180500,16.05937
772668,547500,180500,16.17653
772669,548500,180500,15.6398
772670,549500,180500,14.78699
772671,550500,180500,14.30791
772672,551500,180500,14.2122
772673,552500,180500,14.72561
773321,510500,179500,17.51114
773322,511500,179500,15.97072
773323,512500,179500,16.4885
773324,513500,179500,15.96161
773325,514500,179500,15.8445
773326,515500,179500,16.16446
773327,516500,179500,16.69492
773328,517500,179500,16.63848
773329,518500,179500,16.75176
773330,519500,179500,17.2815
773331,520500,179500,17.34297
773332,521500,179500,17.52795
773333,522500,179500,18.15864
773334,523500,179500,19.59159
773335,524500,179500,19.12628
773336,525500,179500,19.13096
773337,526500,179500,18.72906
773338,527500,179500,19.51198
773339,528500,179500,19.62831
773340,529500,179500,20.11096
773341,530500,179500,19.53209
773342,531500,179500,21.07857
773343,532500,179500,20.4916
773344,533500,179500,21.61305
773345,534500,179500,19.5065
773346,535500,179500,18.78388
773347,536500,179500,17.90215
773348,537500,179500,18.56721
773349,538500,179500,18.08065
773350,539500,179500,18.71723
773351,540500,179500,16.63536
773352,541500,179500,16.30875
773353,542500,179500,16.84214
773354,543500,179500,17.47943
773355,544500,179500,16.54507
773356,545500,179500,16.38648
773357,546500,179500,15.97597
773358,547500,179500,15.79569
773359,548500,179500,15.15084
773360,549500,179500,16.19641
773361,550500,179500,14.51528
773362,551500,179500,13.93475
773363,552500,179500,14.64629
774011,510500,178500,17.29745
774012,511500,178500,16.05009
774013,512500,178500,16.18856
774014,513500,178500,17.17492
774015,514500,178500,16.80525
774016,515500,178500,16.5649
774017,516500,178500,17.379
774018,517500,178500,18.24673
774019,518500,178500,18.06138
774020,519500,178500,18.3385
774021,520500,178500,17.4061
774022,521500,178500,18.31792
774023,522500,178500,18.8844
774024,523500,178500,19.52105
774025,524500,178500,19.5547
774026,525500,178500,20.05316
774027,526500,178500,19.33151
774028,527500,178500,19.2634
774029,528500,178500,19.64081
774030,529500,178500,20.13305
774031,530500,178500,19.93751
774032,531500,178500,20.31231
774033,532500,178500,20.41123
774034,533500,178500,20.16089
774035,534500,178500,19.20263
774036,535500,178500,18.57987
774037,536500,178500,18.28118
774038,537500,178500,17.91976
774039,538500,178500,17.25953
774040,539500,178500,18.81051
774041,540500,178500,18.3499
774042,541500,178500,17.06731
774043,542500,178500,16.4352
774044,543500,178500,17.09452
774045,544500,178500,17.36675
774046,545500,178500,16.31866
774047,546500,178500,15.85977
774048,547500,178500,15.39375
774049,548500,178500,14.87507
774050,549500,178500,14.95463
774051,550500,178500,15.04965
774052,551500,178500,14.26354
774053,552500,178500,13.73017
774701,510500,177500,16.16786
774702,511500,177500,16.69846
774703,512500,177500,17.07994
774704,513500,177500,16.25919
774705,514500,177500,16.01954
774706,515500,177500,16.0813
774707,516500,177500,16.43865
774708,517500,177500,16.66497
774709,518500,177500,16.26972
774710,519500,177500,16.74627
774711,520500,177500,17.49751
774712,521500,177500,17.58407
774713,522500,177500,17.01935
774714,523500,177500,17.71078
774715,524500,177500,18.62976
774716,525500,177500,18.9027
774717,526500,177500,19.68662
774718,527500,177500,18.77564
774719,528500,177500,19.00438
774720,529500,177500,19.6228
774721,530500,177500,20.10646
774722,531500,177500,20.08556
774723,532500,177500,19.33522
774724,533500,177500,18.40055
774725,534500,177500,19.47954
774726,535500,177500,18.70668
774727,536500,177500,18.62786
774728,537500,177500,18.40599
774729,538500,177500,17.6223
774730,539500,177500,16.83037
774731,540500,177500,18.27694
774732,541500,177500,16.67331
774733,542500,177500,15.95954
774734,543500,177500,16.48746
774735,544500,177500,15.8246
774736,545500,177500,15.44903
774737,546500,177500,15.2573
774738,547500,177500,15.17782
774739,548500,177500,14.94976
774740,549500,177500,14.79808
774741,550500,177500,14.85254
774742,551500,177500,15.70673
774743,552500,177500,14.36871
775391,510500,176500,16.49818
775392,511500,176500,16.60709
775393,512500,176500,16.54084
775394,513500,176500,16.57671
775395,514500,176500,16.38728
775396,515500,176500,16.25919
775397,516500,176500,16.19428
775398,517500,176500,15.41609
775399,518500,176500,15.71824
775400,519500,176500,16.47852
775401,520500,176500,16.19371
775402,521500,176500,16.26495
775403,522500,176500,16.42756
775404,523500,176500,16.58444
775405,524500,176500,18.35342
775406,525500,176500,18.61917
775407,526500,176500,18.04798
775408,527500,176500,19.0907
775409,528500,176500,18.8875
775410,529500,176500,18.94073
775411,530500,176500,19.43292
775412,531500,176500,18.89521
775413,532500,176500,19.41583
775414,533500,176500,18.65722
775415,534500,176500,19.00104
775416,535500,176500,18.76173
775417,536500,176500,18.45568
775418,537500,176500,18.77232
775419,538500,176500,17.74943
775420,539500,176500,17.04184
775421,540500,176500,17.78055
775422,541500,176500,16.66171
775423,542500,176500,16.38441
775424,543500,176500,15.72396
775425,544500,176500,15.31008
775426,545500,176500,15.2886
775427,546500,176500,15.25084
775428,547500,176500,15.13439
775429,548500,176500,14.9089
775430,549500,176500,14.8097
775431,550500,176500,14.6734
775432,551500,176500,15.9358
775433,552500,176500,14.45265
776081,510500,175500,16.21571
776082,511500,175500,15.44253
776083,512500,175500,16.43972
776084,513500,175500,17.13114
776085,514500,175500,16.37204
776086,515500,175500,15.81094
776087,516500,175500,16.03043
776088,517500,175500,15.57033
776089,518500,175500,16.79346
776090,519500,175500,16.87933
776091,520500,175500,16.62996
776092,521500,175500,16.36138
776093,522500,175500,16.47217
776094,523500,175500,17.06668
776095,524500,175500,17.74546
776096,525500,175500,17.58699
776097,526500,175500,18.8306
776098,527500,175500,19.06086
776099,528500,175500,19.12922
776100,529500,175500,19.02529
776101,530500,175500,18.94257
776102,531500,175500,18.94151
776103,532500,175500,17.94003
776104,533500,175500,18.25501
776105,534500,175500,19.09618
776106,535500,175500,17.15263
776107,536500,175500,17.15302
776108,537500,175500,17.27796
776109,538500,175500,18.28549
776110,539500,175500,16.79206
776111,540500,175500,16.09558
776112,541500,175500,17.89661
776113,542500,175500,16.85608
776114,543500,175500,16.52297
776115,544500,175500,16.11065
776116,545500,175500,15.65884
776117,546500,175500,15.35284
776118,547500,175500,15.21887
776119,548500,175500,15.27625
776120,549500,175500,15.33103
776121,550500,175500,14.37709
776122,551500,175500,14.55179
776123,552500,175500,15.45239
776771,510500,174500,15.99864
776772,511500,174500,15.16948
776773,512500,174500,15.13669
776774,513500,174500,15.81274
776775,514500,174500,15.56483
776776,515500,174500,15.69772
776777,516500,174500,16.17492
776778,517500,174500,16.18515
776779,518500,174500,15.71404
776780,519500,174500,14.92891
776781,520500,174500,14.9078
776782,521500,174500,15.07064
776783,522500,174500,16.00021
776784,523500,174500,16.62208
776785,524500,174500,17.17644
776786,525500,174500,18.46899
776787,526500,174500,18.03754
776788,527500,174500,17.30714
776789,528500,174500,17.82136
776790,529500,174500,18.04746
776791,530500,174500,18.45357
776792,531500,174500,17.99918
776793,532500,174500,17.39117
776794,533500,174500,17.27294
776795,534500,174500,16.80309
776796,535500,174500,16.28082
776797,536500,174500,16.55531
776798,537500,174500,16.99456
776799,538500,174500,16.68174
776800,539500,174500,16.33056
776801,540500,174500,16.39616
776802,541500,174500,16.44592
776803,542500,174500,16.68706
776804,543500,174500,15.25219
776805,544500,174500,14.80909
776806,545500,174500,15.76342
776807,546500,174500,16.03761
776808,547500,174500,16.00037
776809,548500,174500,15.91819
776810,549500,174500,16.23735
776811,550500,174500,14.51549
776812,551500,174500,14.77997
776813,552500,174500,14.98317
777461,510500,173500,15.47283
777462,511500,173500,15.13461
777463,512500,173500,15.09408
777464,513500,173500,15.17243
777465,514500,173500,15.80554
777466,515500,173500,15.67187
777467,516500,173500,15.77741
777468,517500,173500,14.81765
777469,518500,173500,14.78442
777470,519500,173500,14.49283
777471,520500,173500,14.45915
777472,521500,173500,14.82103
777473,522500,173500,16.01262
777474,523500,173500,16.63815
777475,524500,173500,16.2996
777476,525500,173500,17.1204
777477,526500,173500,16.73348
777478,527500,173500,16.85598
777479,528500,173500,17.67883
777480,529500,173500,17.63501
777481,530500,173500,18.54777
777482,531500,173500,17.848
777483,532500,173500,16.86403
777484,533500,173500,16.39527
777485,534500,173500,16.8237
777486,535500,173500,16.62516
777487,536500,173500,16.71662
777488,537500,173500,17.69372
777489,538500,173500,16.56737
777490,539500,173500,16.16791
777491,540500,173500,15.95208
777492,541500,173500,15.31544
777493,542500,173500,15.14791
777494,543500,173500,14.64155
777495,544500,173500,14.69732
777496,545500,173500,14.65326
777497,546500,173500,14.33349
777498,547500,173500,14.70059
777499,548500,173500,14.29803
777500,549500,173500,14.46641
777501,550500,173500,15.18431
777502,551500,173500,15.33562
777503,552500,173500,14.68213
778151,510500,172500,15.1475
778152,511500,172500,15.05066
778153,512500,172500,15.85167
778154,513500,172500,15.534
778155,514500,172500,15.42693
778156,515500,172500,15.2308
778157,516500,172500,14.87493
778158,517500,172500,14.84231
778159,518500,172500,14.44353
778160,519500,172500,14.33014
778161,520500,172500,14.41885
778162,521500,172500,15.27213
778163,522500,172500,15.13955
778164,523500,172500,15.52396
778165,524500,172500,15.60537
778166,525500,172500,16.48777
778167,526500,172500,16.87385
778168,527500,172500,16.96101
778169,528500,172500,17.36221
778170,529500,172500,16.66636
778171,530500,172500,17.99392
778172,531500,172500,17.44002
778173,532500,172500,16.74777
778174,533500,172500,15.80741
778175,534500,172500,16.04318
778176,535500,172500,16.5426
778177,536500,172500,16.70661
778178,537500,172500,16.10086
778179,538500,172500,15.75232
778180,539500,172500,15.55318
778181,540500,172500,15.42596
778182,541500,172500,14.77217
778183,542500,172500,15.03979
778184,543500,172500,15.00804
778185,544500,172500,15.04448
778186,545500,172500,14.41632
778187,546500,172500,14.68553
778188,547500,172500,14.23797
778189,548500,172500,14.03119
778190,549500,172500,14.26302
778191,550500,172500,14.14155
778192,551500,172500,15.07173
778193,552500,172500,15.24846
778841,510500,171500,14.95558
778842,511500,171500,15.72095
778843,512500,171500,15.3722
778844,513500,171500,14.89229
778845,514500,171500,15.03989
778846,515500,171500,15.18633
778847,516500,171500,15.02429
778848,517500,171500,15.00181
778849,518500,171500,14.74105
778850,519500,171500,14.47178
778851,520500,171500,14.76477
778852,521500,171500,15.05585
778853,522500,171500,14.63218
778854,523500,171500,15.3433
778855,524500,171500,15.56051
778856,525500,171500,16.30635
778857,526500,171500,16.39106
778858,527500,171500,17.65027
778859,528500,171500,16.95271
778860,529500,171500,17.33491
778861,530500,171500,17.73963
778862,531500,171500,17.10192
778863,532500,171500,16.7144
778864,533500,171500,16.48405
778865,534500,171500,16.26457
778866,535500,171500,16.38461
778867,536500,171500,16.15441
778868,537500,171500,15.72744
778869,538500,171500,15.76188
778870,539500,171500,15.34253
778871,540500,171500,15.23039
778872,541500,171500,14.52817
778873,542500,171500,14.63393
778874,543500,171500,14.65867
778875,544500,171500,14.05482
778876,545500,171500,14.52779
778877,546500,171500,14.61959
778878,547500,171500,14.14826
778879,548500,171500,14.12681
778880,549500,171500,13.73998
778881,550500,171500,13.57778
778882,551500,171500,13.58375
778883,552500,171500,13.95556
779531,510500,170500,15.92408
779532,511500,170500,14.5877
779533,512500,170500,14.56941
779534,513500,170500,14.6632
779535,514500,170500,14.6605
779536,515500,170500,14.52795
779537,516500,170500,14.69206
779538,517500,170500,14.92321
779539,518500,170500,15.44661
779540,519500,170500,15.24957
779541,520500,170500,14.71762
779542,521500,170500,15.15944
779543,522500,170500,14.82561
779544,523500,170500,15.32275
779545,524500,170500,16.29882
779546,525500,170500,16.87458
779547,526500,170500,17.26233
779548,527500,170500,17.12028
779549,528500,170500,17.09952
779550,529500,170500,16.83104
779551,530500,170500,16.64256
779552,531500,170500,16.29481
779553,532500,170500,16.40513
779554,533500,170500,16.6563
779555,534500,170500,16.14036
779556,535500,170500,16.13911
779557,536500,170500,15.22909
779558,537500,170500,15.3103
779559,538500,170500,14.71861
779560,539500,170500,15.11154
779561,540500,170500,15.04644
779562,541500,170500,14.19484
779563,542500,170500,14.11077
779564,543500,170500,14.03517
779565,544500,170500,14.16615
779566,545500,170500,14.20356
779567,546500,170500,14.7872
779568,547500,170500,15.58461
779569,548500,170500,14.29439
779570,549500,170500,13.97789
779571,550500,170500,13.89476
779572,551500,170500,14.48142
779573,552500,170500,14.32362
780221,510500,169500,14.8947
780222,511500,169500,14.72155
780223,512500,169500,14.50317
780224,513500,169500,14.69121
780225,514500,169500,14.79293
780226,515500,169500,13.93332
780227,516500,169500,14.00383
780228,517500,169500,15.13462
780229,518500,169500,16.28585
780230,519500,169500,15.5585
780231,520500,169500,14.92702
780232,521500,169500,15.12453
780233,522500,169500,15.41413
780234,523500,169500,15.758
780235,524500,169500,15.832
780236,525500,169500,16.03902
780237,526500,169500,16.06819
780238,527500,169500,16.77555
780239,528500,169500,16.21433
780240,529500,169500,16.25752
780241,530500,169500,16.41229
780242,531500,169500,15.84214
780243,532500,169500,16.1353
780244,533500,169500,16.04322
780245,534500,169500,15.97702
780246,535500,169500,15.82047
780247,536500,169500,15.35619
780248,537500,169500,15.11232
780249,538500,169500,14.61027
780250,539500,169500,14.61155
780251,540500,169500,14.86328
780252,541500,169500,14.34544
780253,542500,169500,13.7955
780254,543500,169500,13.8488
780255,544500,169500,13.461
780256,545500,169500,13.35588
780257,546500,169500,13.64044
780258,547500,169500,14.11636
780259,548500,169500,13.53894
780260,549500,169500,14.73045
780261,550500,169500,14.42858
780262,551500,169500,13.98639
780263,552500,169500,14.6824
